y_true,y_pred
2.5854297e-05,-60.90372
2.5854297e-05,-10.264623
2.5854297e-05,-17.095188
2.5854297e-05,-23.905796
2.5854297e-05,-31.520054
2.5854297e-05,-31.69138
2.5854297e-05,-6.259984
2.5854297e-05,30.184292
2.5854297e-05,100.80422
128.4,520.4982
700.4,1287.4014
1484.0,2248.2236
1418.8,2599.0022
1285.6,2727.1055
1104.4,2320.2676
1253.6,1715.7672
650.8,915.53595
303.6,499.59174
27.200039,192.56918
2.5854297e-05,95.65267
2.5854297e-05,33.886745
2.5854297e-05,15.553981
2.5854297e-05,-18.116184
2.5854297e-05,-65.78129
2.5854297e-05,-41.411045
2.5854297e-05,-26.237034
2.5854297e-05,-79.110085
2.5854297e-05,-45.88706
2.5854297e-05,22.764248
2.5854297e-05,-14.645482
2.5854297e-05,0.3695327
2.5854297e-05,168.9808
2.5854297e-05,563.79694
49.199978,1029.6394
299.6,1513.5497
553.6,2009.2098
402.80002,1859.011
735.2,1681.476
502.4,1513.0343
1004.0,915.2748
440.0,328.9729
168.80002,162.9791
2.5854297e-05,55.723843
2.5854297e-05,-19.473972
2.5854297e-05,-62.231907
2.5854297e-05,-68.10178
2.5854297e-05,-82.60386
2.5854297e-05,-22.980686
2.5854297e-05,-73.21909
2.5854297e-05,-71.84226
2.5854297e-05,-63.62253
2.5854297e-05,-51.193333
2.5854297e-05,-42.37778
2.5854297e-05,-28.632664
2.5854297e-05,-6.9398546
2.5854297e-05,54.12936
2.5854297e-05,116.34994
556.0,433.04312
1884.8,1932.0035
2858.8,2247.351
3320.4,3220.8198
3487.2,3294.0776
3252.4001,3035.5854
2737.2,2206.9731
1839.2001,1667.0068
779.2,595.81433
72.80001,106.54415
2.5854297e-05,3.7582655
2.5854297e-05,-46.394016
2.5854297e-05,-41.08878
2.5854297e-05,-54.741856
2.5854297e-05,-67.71232
2.5854297e-05,-84.11869
2.5854297e-05,-75.05674
2.5854297e-05,-76.576515
2.5854297e-05,-66.59434
2.5854297e-05,-54.725437
2.5854297e-05,-28.137608
2.5854297e-05,-11.012364
2.5854297e-05,44.74777
2.5854297e-05,124.25179
478.0,715.91223
1843.6,2091.8196
2614.4001,3130.2527
3238.4001,3629.1182
3271.6,3796.3818
3267.2002,3541.3174
2702.4,3089.911
2024.8,2171.2625
954.39996,1494.3461
110.40005,484.5845
2.5854297e-05,-106.74601
2.5854297e-05,-63.99454
2.5854297e-05,-83.86747
2.5854297e-05,-115.913185
2.5854297e-05,-127.052345
2.5854297e-05,-61.51163
2.5854297e-05,-67.663246
2.5854297e-05,-85.322914
2.5854297e-05,-75.27921
2.5854297e-05,-57.900852
2.5854297e-05,-39.856236
2.5854297e-05,-0.0047348877
2.5854297e-05,52.220974
20.000027,131.11948
686.8,897.4889
1731.2001,1715.0999
2448.0,2530.8416
3645.2002,3405.6084
3701.6,3793.1033
3474.4,3774.245
2936.4001,3125.7913
2354.4,2369.7502
1224.0,1311.4907
102.80001,186.5842
2.5854297e-05,-56.21616
2.5854297e-05,-107.21946
2.5854297e-05,-134.16232
2.5854297e-05,-136.92508
2.5854297e-05,-160.41476
2.5854297e-05,-116.4896
2.5854297e-05,-104.55778
2.5854297e-05,-79.297035
2.5854297e-05,-69.7111
2.5854297e-05,-54.846897
2.5854297e-05,-35.78104
2.5854297e-05,20.840359
2.5854297e-05,74.52157
2.5854297e-05,133.06772
211.19998,745.6069
957.6,2118.102
2563.5999,2924.892
2965.6,3693.3262
2886.8,3876.1467
3090.0002,3655.6157
3014.0,3088.6648
2269.2,2043.1558
1290.8,1210.4874
101.99996,209.84354
2.5854297e-05,-56.40122
2.5854297e-05,-58.433933
2.5854297e-05,-109.86979
2.5854297e-05,-158.74893
2.5854297e-05,-223.69034
2.5854297e-05,-97.45084
2.5854297e-05,-90.720924
2.5854297e-05,-101.6818
2.5854297e-05,-83.07011
2.5854297e-05,-51.645664
2.5854297e-05,-0.9884385
2.5854297e-05,72.69424
2.5854297e-05,100.74087
2.5854297e-05,143.68839
566.0,772.69293
2042.0001,2297.3157
3286.8,3019.7795
3475.2,3614.902
2967.6,3842.508
3422.4001,3794.8408
2868.4,3087.115
1306.4,2174.8157
750.0,1526.3778
157.6,251.50208
2.5854297e-05,-87.63676
2.5854297e-05,-98.34684
2.5854297e-05,-87.37028
2.5854297e-05,-91.913185
2.5854297e-05,-141.08304
2.5854297e-05,-100.72703
2.5854297e-05,-85.29374
2.5854297e-05,-98.45823
2.5854297e-05,-82.09019
2.5854297e-05,-80.01017
2.5854297e-05,-37.033237
2.5854297e-05,15.057277
2.5854297e-05,76.88131
2.5854297e-05,119.33022
769.2,1160.0447
2440.0,2345.375
3332.4001,2709.986
3750.4001,3252.2837
3792.8,3743.4963
3616.0,3546.7417
3202.8,2918.3804
2500.4,2169.6052
1384.0,1035.1505
130.80002,181.71396
2.5854297e-05,18.818264
2.5854297e-05,-55.017735
2.5854297e-05,-24.488377
2.5854297e-05,-20.55582
2.5854297e-05,-59.457493
2.5854297e-05,-47.112583
2.5854297e-05,-75.88413
2.5854297e-05,-27.081882
2.5854297e-05,-58.705418
2.5854297e-05,-48.708897
2.5854297e-05,-38.97385
2.5854297e-05,-22.222446
2.5854297e-05,19.435574
1.199977,113.748985
576.8,1014.1063
1370.8,1978.7853
2404.4,3074.0173
3048.4,3600.7998
3240.8,3589.0806
2657.2,2750.746
1701.2,2250.0103
980.0,1587.6938
830.0,870.01587
108.80001,101.869896
2.5854297e-05,4.7196302
2.5854297e-05,-17.574863
2.5854297e-05,-11.756871
2.5854297e-05,-64.392006
2.5854297e-05,-85.992836
2.5854297e-05,-83.73362
2.5854297e-05,-93.862526
2.5854297e-05,-66.43247
2.5854297e-05,-67.6262
2.5854297e-05,-57.961094
2.5854297e-05,-34.894993
2.5854297e-05,10.669154
2.5854297e-05,55.327724
2.5854297e-05,117.31362
278.8,576.8023
644.4,1579.6198
1733.2001,2275.325
3238.4001,2780.6055
3376.4001,3360.1438
2658.8,3307.482
2492.4,3025.0217
2523.2,2096.218
1336.8,1183.8517
154.00003,231.22354
2.5854297e-05,-21.079136
2.5854297e-05,-43.118443
2.5854297e-05,-13.351781
2.5854297e-05,-39.29227
2.5854297e-05,-76.04783
2.5854297e-05,-125.730995
2.5854297e-05,-117.43345
2.5854297e-05,-100.90873
2.5854297e-05,-92.843666
2.5854297e-05,-72.92307
2.5854297e-05,-42.967686
2.5854297e-05,8.190516
2.5854297e-05,51.855556
2.5854297e-05,105.90029
769.6,701.4369
2399.6,1774.366
3238.8,3130.0923
3706.4,3319.35
3878.0,3478.752
3744.8,3466.52
3321.2,2991.3367
2601.2,2439.6904
1424.8,1428.4471
159.6,164.49014
2.5854297e-05,20.635525
2.5854297e-05,-20.820591
2.5854297e-05,-40.083347
2.5854297e-05,-72.27097
2.5854297e-05,-139.9656
2.5854297e-05,-137.82993
2.5854297e-05,-137.10825
2.5854297e-05,-121.84605
2.5854297e-05,-77.09507
2.5854297e-05,-47.826145
2.5854297e-05,-15.620336
2.5854297e-05,20.41006
2.5854297e-05,59.15762
2.5854297e-05,100.25802
746.4,640.18195
2225.2,1962.0367
3116.4,2799.419
3652.4,3148.7742
3920.8,3458.4316
3756.4001,3395.7942
3248.8,2909.2727
2392.7998,2189.8481
1092.7999,851.188
142.4,106.72103
2.5854297e-05,19.05569
2.5854297e-05,-17.055698
2.5854297e-05,-55.17374
2.5854297e-05,-45.70438
2.5854297e-05,-48.321873
2.5854297e-05,-78.768105
2.5854297e-05,-64.038246
2.5854297e-05,-66.42179
2.5854297e-05,-74.78251
2.5854297e-05,-57.177586
2.5854297e-05,-38.270176
2.5854297e-05,-34.20377
2.5854297e-05,12.515529
2.5854297e-05,99.46316
819.6,750.7172
2520.4,1827.8461
3531.2002,2418.0227
4015.2,3543.688
4161.1997,3792.911
3984.4,3569.009
3379.2002,2863.7664
2017.6001,2127.9712
1036.4,794.5452
71.6,101.811
2.5854297e-05,37.28976
2.5854297e-05,20.827114
2.5854297e-05,-11.624913
2.5854297e-05,-14.475804
2.5854297e-05,-18.152378
2.5854297e-05,-72.12711
2.5854297e-05,-65.331764
2.5854297e-05,-61.960606
2.5854297e-05,-59.621494
2.5854297e-05,-60.876804
2.5854297e-05,-49.168552
2.5854297e-05,-25.709263
2.5854297e-05,19.728176
2.5854297e-05,70.961815
843.2,730.1122
2421.5999,1550.816
3320.4,3033.3247
3788.8003,3132.5903
3675.2,2351.5
3585.2002,2396.6604
3086.4001,2076.7952
2393.6,1002.17224
1107.6,308.28766
138.4,64.69265
2.5854297e-05,2.1195936
2.5854297e-05,-11.60349
2.5854297e-05,-24.126743
2.5854297e-05,-42.78104
2.5854297e-05,-62.02451
2.5854297e-05,-76.15067
2.5854297e-05,-79.47074
2.5854297e-05,-80.9824
2.5854297e-05,-73.351906
2.5854297e-05,-60.168858
2.5854297e-05,-28.619114
2.5854297e-05,25.093716
2.5854297e-05,76.007286
2.5854297e-05,135.59799
361.6,932.66986
1671.2,2000.1655
1234.4,2709.0427
1274.8,3345.018
1592.4,3636.5894
1790.8,3330.8442
763.2,2718.975
500.4,1758.1467
202.80002,1096.1481
55.600002,161.41373
2.5854297e-05,24.430569
2.5854297e-05,-24.862766
2.5854297e-05,-76.35813
2.5854297e-05,-91.282875
2.5854297e-05,-107.4119
2.5854297e-05,-136.93796
2.5854297e-05,-124.956825
2.5854297e-05,-110.30656
2.5854297e-05,-95.49888
2.5854297e-05,-61.734165
2.5854297e-05,-6.4830065
2.5854297e-05,41.063564
2.5854297e-05,124.74465
22.800014,136.10928
831.6,788.80286
2213.6,1807.5994
2972.0,2903.5576
3640.4,3477.836
3472.0,3610.4543
3593.2002,3334.524
3158.0,2913.6323
2414.4,1995.6368
1294.0,893.0475
192.4,155.10617
2.5854297e-05,21.090298
2.5854297e-05,-8.280004
2.5854297e-05,-4.3059435
2.5854297e-05,-31.314732
2.5854297e-05,-40.113194
2.5854297e-05,-90.29948
2.5854297e-05,-64.72318
2.5854297e-05,-35.213474
2.5854297e-05,-51.764133
2.5854297e-05,-41.161655
2.5854297e-05,-30.734531
2.5854297e-05,-27.869663
2.5854297e-05,2.814662
23.199978,54.743374
818.8,464.83096
2076.4001,1531.6777
2904.8,2389.5842
3192.4001,2549.968
3030.0,3157.3835
2972.8,2720.186
1826.8,2202.6582
654.8,1412.26
430.0,633.71906
104.39999,239.36823
2.5854297e-05,68.0212
2.5854297e-05,9.13766
2.5854297e-05,-26.694187
2.5854297e-05,-20.95438
2.5854297e-05,-53.07456
2.5854297e-05,-51.4191
2.5854297e-05,-48.64658
2.5854297e-05,-23.102085
2.5854297e-05,-46.824314
2.5854297e-05,-43.742893
2.5854297e-05,4.538905
2.5854297e-05,66.550865
2.5854297e-05,119.40011
7.200038,213.34012
747.2,1262.977
1520.4,2007.9149
2806.4,3002.8477
3476.0,3616.4785
3707.2,3847.0696
3539.6,3643.878
3099.2,3069.631
2427.2,2255.0613
1452.0,1181.614
226.80002,239.84811
2.5854297e-05,-33.850376
2.5854297e-05,-2.1664782
2.5854297e-05,-80.12516
2.5854297e-05,-85.73881
2.5854297e-05,-26.543003
2.5854297e-05,-108.213356
2.5854297e-05,-51.209812
2.5854297e-05,-92.88181
2.5854297e-05,-30.080479
2.5854297e-05,-9.356664
2.5854297e-05,9.02212
2.5854297e-05,47.605434
2.5854297e-05,63.70364
6.7999525,174.80899
886.0,896.89874
2440.0,2426.3672
3280.4,3213.3523
3680.4,3607.2644
3774.8,3713.87
3584.4001,3570.0771
3146.8,2991.5637
2378.8,1977.3007
1147.6,1180.5361
215.6,256.54468
2.5854297e-05,0.39962304
2.5854297e-05,-1.4433335
2.5854297e-05,-17.408726
2.5854297e-05,-50.448154
2.5854297e-05,-52.31821
2.5854297e-05,-75.425575
2.5854297e-05,-57.96195
2.5854297e-05,-87.28446
2.5854297e-05,-7.0593004
2.5854297e-05,15.323085
2.5854297e-05,64.72146
2.5854297e-05,105.130455
2.5854297e-05,127.450645
20.000027,333.016
805.2,908.94946
2275.2,1721.7683
3076.4,3039.34
3612.4,3062.9912
3752.0,3289.3127
3564.8,3389.4673
3086.0,2691.6611
2292.0,1991.5493
1222.8,1151.2876
225.19998,342.2626
2.5854297e-05,128.39078
2.5854297e-05,0.0495864
2.5854297e-05,-48.793797
2.5854297e-05,-51.608067
2.5854297e-05,-51.771275
2.5854297e-05,-98.34666
2.5854297e-05,-42.942905
2.5854297e-05,-28.364597
2.5854297e-05,-1.8389634
2.5854297e-05,26.688381
2.5854297e-05,63.573513
2.5854297e-05,104.43374
2.5854297e-05,158.73398
12.40005,365.6402
488.80002,991.5775
1502.4,1965.4469
2726.0,2691.878
3134.4,3395.4426
3276.0002,3454.0115
2731.6,2858.182
1730.0,3003.2383
810.8,1965.5457
422.4,954.45544
102.39999,272.06058
2.5854297e-05,56.705837
2.5854297e-05,-34.32108
2.5854297e-05,-21.0358
2.5854297e-05,-16.109653
2.5854297e-05,-62.256138
2.5854297e-05,-83.16276
2.5854297e-05,-35.188267
2.5854297e-05,-62.89493
2.5854297e-05,-20.697239
2.5854297e-05,-13.9437
2.5854297e-05,-0.01694192
2.5854297e-05,40.722073
2.5854297e-05,85.9139
2.5854297e-05,233.97025
202.80002,711.90173
679.2,1629.9293
907.6,1873.446
1729.2,2990.6113
3468.8,3228.2952
1919.6,3292.9656
940.4,2721.6123
1572.0,2116.3289
1092.7999,1416.0774
242.79999,658.93335
2.5854297e-05,-57.518955
2.5854297e-05,-55.126865
2.5854297e-05,-99.1099
2.5854297e-05,-140.11343
2.5854297e-05,-157.56137
2.5854297e-05,-28.304905
2.5854297e-05,-54.379795
2.5854297e-05,-65.26902
2.5854297e-05,-70.27091
2.5854297e-05,-55.500767
2.5854297e-05,-24.655796
2.5854297e-05,27.752773
2.5854297e-05,119.24258
41.199978,305.4518
760.0,1485.3279
2189.5999,2028.1221
3444.8,2901.3892
3960.7998,3448.4639
4117.6,3585.2021
3962.8,3284.8032
3581.2,2863.3967
2812.4,2002.7183
1446.8,755.753
288.80002,156.72488
2.5854297e-05,14.095973
2.5854297e-05,-25.97379
2.5854297e-05,-16.159092
2.5854297e-05,-10.798741
2.5854297e-05,-68.05772
2.5854297e-05,-68.59849
2.5854297e-05,-69.12278
2.5854297e-05,-71.78977
2.5854297e-05,-68.110695
2.5854297e-05,-57.349094
2.5854297e-05,-41.454746
2.5854297e-05,-30.225193
2.5854297e-05,-4.671361
40.000027,64.0057
1009.6,622.60596
2750.8,1801.009
3550.0,2713.38
4145.6,2855.7786
4186.4,3241.8003
3732.4,3168.4612
2863.2,2243.2705
1678.0,739.9465
690.8,675.1297
254.80002,161.98032
0.39998925,42.62051
2.5854297e-05,28.56271
2.5854297e-05,7.3381605
2.5854297e-05,-6.893895
2.5854297e-05,-47.24399
2.5854297e-05,-53.628452
2.5854297e-05,-56.105564
2.5854297e-05,-86.74741
2.5854297e-05,-89.84318
2.5854297e-05,-75.61564
2.5854297e-05,-22.386326
2.5854297e-05,-9.838109
2.5854297e-05,38.13693
48.39999,92.61819
1050.4,936.479
2606.0,2362.862
3436.0,2831.568
3876.8,3376.6438
4007.6,3608.5715
3840.8,3444.7632
2738.8,3018.0994
2535.2,2058.4028
1308.8,547.7182
217.99997,150.35355
2.5854297e-05,23.733974
2.5854297e-05,2.8248549
2.5854297e-05,-8.82224
2.5854297e-05,-27.2858
2.5854297e-05,-41.473057
2.5854297e-05,-54.677647
2.5854297e-05,-57.162388
2.5854297e-05,-60.561985
2.5854297e-05,-69.670876
2.5854297e-05,-60.49674
2.5854297e-05,-50.044285
2.5854297e-05,-41.44248
2.5854297e-05,-11.907689
59.199978,42.461575
848.8,421.6471
2182.8,1420.6946
2878.0,2477.3638
3876.0,2866.9226
3942.0,3325.8423
3774.0002,2994.9602
3256.0002,2461.4402
2627.2,1107.4812
1484.8,666.22437
337.19998,226.94943
0.80001366,25.189968
2.5854297e-05,-5.396703
2.5854297e-05,-38.790684
2.5854297e-05,-42.757786
2.5854297e-05,-29.145542
2.5854297e-05,-86.62968
2.5854297e-05,-36.785374
2.5854297e-05,-25.60355
2.5854297e-05,-5.465123
2.5854297e-05,16.934902
2.5854297e-05,54.4783
2.5854297e-05,83.630394
2.5854297e-05,49.02206
1.199977,280.24512
796.8,769.6871
1334.7999,1923.1561
858.8,2571.1426
1383.2001,3360.6118
1026.0,3425.582
1099.6,3553.4377
2722.8,2892.086
1658.4,1778.8331
607.2,767.8962
140.80002,90.8724
2.5854297e-05,-8.22965
2.5854297e-05,-3.1163073
2.5854297e-05,-18.628819
2.5854297e-05,-41.73563
2.5854297e-05,-64.61802
2.5854297e-05,-80.387856
2.5854297e-05,-88.16245
2.5854297e-05,-46.16318
2.5854297e-05,-40.809483
2.5854297e-05,-53.38242
2.5854297e-05,-40.2031
2.5854297e-05,-12.082372
2.5854297e-05,53.230312
40.800014,141.7261
1171.6,1394.4666
2822.0,2497.132
3706.8,3145.435
4177.6,3235.9563
4304.4,3972.0142
4114.4,3503.7468
3692.4,3452.2168
2907.2,2600.801
1759.6,1876.9341
309.6,250.82663
0.39998925,20.69479
2.5854297e-05,6.199855
2.5854297e-05,-29.05753
2.5854297e-05,-33.59122
2.5854297e-05,-47.74088
2.5854297e-05,-80.794044
2.5854297e-05,-80.33866
2.5854297e-05,-89.4622
2.5854297e-05,-79.60325
2.5854297e-05,-65.340675
2.5854297e-05,-50.45731
2.5854297e-05,-20.555882
2.5854297e-05,9.930995
50.000027,76.28945
1188.8,694.67676
2704.4,1721.4324
3435.6,3064.4524
3884.0,3595.0574
4038.0,3683.7878
3888.8,3523.048
2984.4,2966.0122
1619.2,2387.5593
970.8,1489.4535
256.0,420.06555
1.6000015,0.4264785
2.5854297e-05,-4.4843493
2.5854297e-05,-72.40751
2.5854297e-05,-33.339207
2.5854297e-05,-46.98447
2.5854297e-05,-97.38645
2.5854297e-05,-104.40348
2.5854297e-05,-86.17582
2.5854297e-05,-80.32481
2.5854297e-05,-71.13114
2.5854297e-05,-46.63883
2.5854297e-05,-8.343663
2.5854297e-05,52.09109
48.800014,141.24857
1245.6,910.98456
2785.5999,1756.0618
3558.4001,2870.2866
3937.6,3645.178
3986.4,3822.7993
3483.2,3590.8828
2876.8,3163.7654
2283.2,1945.2562
1423.2,1005.70135
303.6,143.79123
2.0000257,28.870998
2.5854297e-05,-21.267307
2.5854297e-05,-51.059055
2.5854297e-05,-71.82389
2.5854297e-05,-69.46134
2.5854297e-05,-74.891945
2.5854297e-05,-69.66685
2.5854297e-05,-78.00437
2.5854297e-05,-61.89078
2.5854297e-05,-55.34287
2.5854297e-05,-13.442967
2.5854297e-05,42.33523
2.5854297e-05,126.18331
43.999966,275.28113
475.2,1194.8873
1292.8,2149.7693
2239.6,3078.3982
2912.4,3621.0396
3541.6,3762.389
3641.6,3551.2854
3533.6,2831.242
2839.2002,2183.6975
1766.8,1178.0928
399.2,312.29855
2.8000135,-60.114964
2.5854297e-05,-73.843605
2.5854297e-05,-60.617954
2.5854297e-05,-96.93192
2.5854297e-05,-56.131626
2.5854297e-05,-147.55789
2.5854297e-05,-129.5516
2.5854297e-05,-111.62827
2.5854297e-05,-103.9033
2.5854297e-05,-72.16477
2.5854297e-05,-41.084568
2.5854297e-05,10.945521
2.5854297e-05,62.62295
66.00002,127.55886
1330.8,949.5469
2837.6,2242.647
3525.5999,2939.794
3882.8,3643.3916
4014.0,3645.403
3907.6,3475.5796
3501.2,2738.9407
2775.6,1942.1726
1716.0,1111.5612
386.80002,173.61356
3.199977,-32.048374
2.5854297e-05,-87.97831
2.5854297e-05,-67.84818
2.5854297e-05,-65.61234
2.5854297e-05,-49.415257
2.5854297e-05,-117.47367
2.5854297e-05,-108.94639
2.5854297e-05,-91.75852
2.5854297e-05,-82.11802
2.5854297e-05,-72.4835
2.5854297e-05,-43.856968
2.5854297e-05,3.7397108
2.5854297e-05,58.35348
72.40005,199.19412
1257.2,1091.2053
2690.0,2260.093
3394.4,3009.772
3711.2002,3655.0527
3861.6,3644.4414
3751.6,3423.8154
3340.0,3053.6445
2538.7998,2147.9697
1435.6,1167.634
335.6,298.10724
3.199977,51.123196
2.5854297e-05,-10.173863
2.5854297e-05,-9.712132
2.5854297e-05,-46.86295
2.5854297e-05,-28.251987
2.5854297e-05,-20.451084
2.5854297e-05,-21.570225
2.5854297e-05,-27.747044
2.5854297e-05,-38.31632
2.5854297e-05,-26.335545
2.5854297e-05,-37.030003
2.5854297e-05,-18.41129
2.5854297e-05,-4.098302
103.200035,43.77737
1082.4,488.6053
2020.0,1676.7167
3082.0,2991.6812
3570.8,3719.514
3657.2,3823.169
3493.6,3630.584
3087.5999,2922.1619
2199.5999,2308.7185
984.4,1254.9249
265.19998,281.15646
6.399989,71.52822
2.5854297e-05,9.031154
2.5854297e-05,-9.98734
2.5854297e-05,-17.472324
2.5854297e-05,-40.164158
2.5854297e-05,-37.90256
2.5854297e-05,-56.5781
2.5854297e-05,-80.48032
2.5854297e-05,-73.31516
2.5854297e-05,-42.140903
2.5854297e-05,-14.0734
2.5854297e-05,40.85635
2.5854297e-05,105.63766
58.39999,287.55438
1415.2,1332.5537
2832.4,1865.5499
3501.2,2862.7424
3829.2,3157.0981
3924.8,3821.5132
3768.7998,3718.4536
3388.8,3119.7573
2747.2,2369.8135
1727.6,1520.0559
412.80002,488.22784
2.8000135,-15.425023
2.5854297e-05,-48.099277
2.5854297e-05,-85.14463
2.5854297e-05,-165.93918
2.5854297e-05,-61.076084
2.5854297e-05,-87.164955
2.5854297e-05,-64.66392
2.5854297e-05,-39.581516
2.5854297e-05,-11.380406
2.5854297e-05,4.4959974
2.5854297e-05,14.90652
2.5854297e-05,49.44711
2.5854297e-05,54.277676
93.99996,242.0893
1446.0,968.91364
2752.4,2008.54
3104.0,2466.8123
3498.0,3276.936
3313.2002,3445.8835
2917.6,3351.2566
2509.6,2778.2532
851.2,1803.5515
583.6,940.7166
323.19998,339.6213
2.5854297e-05,140.65158
2.5854297e-05,42.285732
2.5854297e-05,3.095912
2.5854297e-05,-49.58762
2.5854297e-05,-73.434425
2.5854297e-05,-67.43217
2.5854297e-05,-51.224277
2.5854297e-05,-21.931309
2.5854297e-05,-34.53702
2.5854297e-05,-25.03513
2.5854297e-05,-11.537511
2.5854297e-05,-21.674656
2.5854297e-05,26.805996
2.5854297e-05,162.65823
2.5854297e-05,193.58475
591.2,531.64056
2541.5999,1204.6836
1122.7999,1913.5983
1944.4,2568.1438
3411.2,2289.3396
2905.6,2305.2834
2274.8,1770.294
1224.4,923.94476
301.6,144.52023
8.399989,15.547633
2.5854297e-05,10.234157
2.5854297e-05,11.329005
2.5854297e-05,-12.18369
2.5854297e-05,-37.176975
2.5854297e-05,-81.029396
2.5854297e-05,-81.85233
2.5854297e-05,-87.131325
2.5854297e-05,-76.130165
2.5854297e-05,-62.134007
2.5854297e-05,-42.433323
2.5854297e-05,18.643276
2.5854297e-05,73.28945
171.99997,179.9827
1514.8,1202.8322
2949.6,2403.3086
3620.8,3127.1414
3955.2,3505.1199
4015.2,3320.6025
3896.4001,3396.964
3502.7998,3126.6333
2827.6,2406.8328
1818.0,1351.328
478.0,362.25647
3.9999647,63.52969
2.5854297e-05,-29.546787
2.5854297e-05,-34.885777
2.5854297e-05,-48.36722
2.5854297e-05,-72.06803
2.5854297e-05,-76.81284
2.5854297e-05,-72.71543
2.5854297e-05,-52.23258
2.5854297e-05,-51.481846
2.5854297e-05,-26.483433
2.5854297e-05,-14.542333
2.5854297e-05,-6.5091906
2.5854297e-05,0.99373925
125.200035,118.08413
1496.0,653.34546
2817.2,2398.2295
3475.6,3144.1973
3820.4,3212.1658
3875.6,3298.174
3752.4,3419.1338
3354.0,3046.2612
2526.4,2368.2852
1498.0,1285.9193
402.4,239.92474
10.000026,81.71584
2.5854297e-05,-31.051609
2.5854297e-05,-26.848423
2.5854297e-05,-25.531223
2.5854297e-05,-29.998081
2.5854297e-05,-27.216526
2.5854297e-05,-24.681248
2.5854297e-05,-30.11362
2.5854297e-05,-37.974583
2.5854297e-05,-42.544834
2.5854297e-05,-35.09348
2.5854297e-05,-17.5192
2.5854297e-05,-7.7557116
58.39999,82.22085
465.2,452.50604
880.8,1150.4861
1454.4,1914.2356
2418.4001,2723.2898
3547.6,2789.995
3490.4001,2839.6055
3016.0,2276.6392
1945.2,1644.1102
1151.6,637.64404
373.2,269.20712
11.199977,138.4476
2.5854297e-05,54.25259
2.5854297e-05,26.645351
2.5854297e-05,-7.0419664
2.5854297e-05,-58.966526
2.5854297e-05,-51.231663
2.5854297e-05,-50.75748
2.5854297e-05,-52.34708
2.5854297e-05,-43.98807
2.5854297e-05,-30.538853
2.5854297e-05,3.5433607
2.5854297e-05,46.51608
2.5854297e-05,104.01522
162.4,370.70895
1391.2001,1401.7793
2869.6,2583.6255
3704.8,3115.7913
4125.6,3592.2363
4274.4,3532.6914
4135.1997,3523.3242
3712.4,3122.7446
2969.2002,2469.33
1871.6,1638.4958
510.0,493.9865
9.199977,-16.345554
2.5854297e-05,-101.12034
2.5854297e-05,-40.33298
2.5854297e-05,-44.65665
2.5854297e-05,-71.6312
2.5854297e-05,-109.4694
2.5854297e-05,-108.04496
2.5854297e-05,-94.26206
2.5854297e-05,-80.89402
2.5854297e-05,-51.770176
2.5854297e-05,0.00411521
2.5854297e-05,52.895596
2.5854297e-05,120.912926
161.6,207.15286
1719.6,1404.8328
3016.4001,2171.5645
3671.5999,2783.4841
4018.0,3248.0513
4108.4,3647.9548
3936.4001,3643.6726
3588.0002,3229.4326
2838.8,2091.0134
1822.8,1508.3231
503.6,534.8223
5.9999647,-14.377416
2.5854297e-05,-14.263036
2.5854297e-05,-45.250645
2.5854297e-05,-68.644936
2.5854297e-05,-114.75425
2.5854297e-05,-119.34214
2.5854297e-05,-117.11405
2.5854297e-05,-96.565956
2.5854297e-05,-19.040989
2.5854297e-05,19.527248
2.5854297e-05,52.01791
2.5854297e-05,89.36001
2.5854297e-05,127.89559
140.80002,182.88632
692.0,780.9279
1460.7999,2064.3704
2411.5999,2282.4456
3097.2,2670.2046
3125.6,3140.8826
3228.0,3068.0435
2914.0,2596.4883
2274.4,2040.6888
1498.0,1367.8342
444.0,512.5475
17.600002,39.90939
2.5854297e-05,-77.4719
2.5854297e-05,-45.536777
2.5854297e-05,-37.770603
2.5854297e-05,-36.986362
2.5854297e-05,-76.680824
2.5854297e-05,-66.96928
2.5854297e-05,-43.654087
2.5854297e-05,-80.25114
2.5854297e-05,9.212184
2.5854297e-05,56.21481
2.5854297e-05,86.42434
2.5854297e-05,97.622215
200.00003,257.67438
1550.0,931.8039
2727.6,2178.188
3374.0,3210.7712
3732.0,3542.022
3825.6,3443.0417
3659.2002,3163.3235
3244.0,2997.992
2569.6,2338.9468
1610.8,1459.7769
411.6,395.04532
18.800014,75.37777
2.5854297e-05,8.258998
2.5854297e-05,6.686488
2.5854297e-05,-21.345554
2.5854297e-05,-32.296787
2.5854297e-05,-54.44559
2.5854297e-05,-45.06998
2.5854297e-05,-36.038975
2.5854297e-05,-16.977512
2.5854297e-05,-12.520238
2.5854297e-05,-5.708226
2.5854297e-05,23.00491
2.5854297e-05,44.614468
225.19998,208.61197
1520.0,1047.9429
2712.8,2663.5544
3374.0,2811.2803
3708.7998,3518.5503
3801.2,3580.9666
3596.8,3462.843
3182.0002,2980.1892
2534.0,2197.5276
1526.0,1216.5819
470.4,399.65372
20.39999,137.45877
2.5854297e-05,-17.456638
2.5854297e-05,-35.44443
2.5854297e-05,-41.590916
2.5854297e-05,-41.159397
2.5854297e-05,-84.83683
2.5854297e-05,-41.757664
2.5854297e-05,-39.061436
2.5854297e-05,-28.778172
2.5854297e-05,-8.037694
2.5854297e-05,5.858119
2.5854297e-05,26.895535
2.5854297e-05,64.50686
268.00003,220.44693
1418.4,978.9157
2708.4,1802.2686
3263.6,3089.562
2979.5999,3148.7915
2444.8,3081.921
2207.6,3061.7424
2735.2,2691.17
2025.2,2023.1909
1143.6,1025.343
439.6,397.04498
18.39999,164.66446
2.5854297e-05,25.552822
2.5854297e-05,25.248684
2.5854297e-05,-20.1655
2.5854297e-05,-35.03403
2.5854297e-05,-64.15763
2.5854297e-05,-25.892124
2.5854297e-05,-15.983922
2.5854297e-05,-11.111913
2.5854297e-05,-3.804967
2.5854297e-05,2.4578505
2.5854297e-05,46.17526
2.5854297e-05,85.62551
56.000027,311.44006
386.0,908.5421
475.2,1634.5702
1085.2,2123.3984
1321.6,2354.2942
1986.8,2530.8354
2867.6,1867.3125
376.40002,1582.0698
562.0,1062.8573
514.8,673.9083
374.4,279.91943
17.200039,151.5505
2.5854297e-05,25.648342
2.5854297e-05,-58.934116
2.5854297e-05,-36.45609
2.5854297e-05,-37.13767
2.5854297e-05,-10.715917
2.5854297e-05,-8.575902
2.5854297e-05,-10.185643
2.5854297e-05,-11.020055
2.5854297e-05,-11.383275
2.5854297e-05,2.0934095
2.5854297e-05,29.320766
2.5854297e-05,101.56661
8.399989,238.35709
429.6,959.0758
1026.0,1619.2969
2288.0,2118.9617
3159.5999,2501.417
3658.4,2735.4636
2930.0,2752.0952
2860.0,2257.9814
2449.6,1729.2015
990.0,1045.7993
402.4,433.91934
11.600001,216.89688
2.5854297e-05,108.09756
2.5854297e-05,16.689419
2.5854297e-05,-34.266026
2.5854297e-05,-38.243443
2.5854297e-05,-11.367955
2.5854297e-05,-5.633336
2.5854297e-05,-21.510044
2.5854297e-05,-6.3634996
2.5854297e-05,-0.71439064
2.5854297e-05,-1.8473862
2.5854297e-05,53.816677
2.5854297e-05,73.2748
18.000027,155.23172
169.99997,322.9764
80.00002,200.47574
114.39999,524.76514
64.79995,162.84225
25.600002,545.0968
249.20001,794.82794
627.6,441.27148
468.80002,261.39426
108.80001,156.2161
19.199978,61.100124
2.5854297e-05,16.613552
2.5854297e-05,6.3037367
2.5854297e-05,-38.539402
2.5854297e-05,-35.112217
2.5854297e-05,-41.64652
2.5854297e-05,-17.31461
2.5854297e-05,0.64058983
2.5854297e-05,-7.241246
2.5854297e-05,0.5382949
2.5854297e-05,-13.947301
2.5854297e-05,-1.3251694
2.5854297e-05,10.411403
2.5854297e-05,28.605434
2.5854297e-05,56.654324
2.5854297e-05,314.65018
88.39999,573.4516
173.20004,451.89896
203.6,552.60315
423.2,503.52975
182.4,402.76688
80.80001,261.34497
44.39999,153.41122
131.99997,83.83285
136.80002,6.949733
2.5854297e-05,-75.83323
2.5854297e-05,-78.479836
2.5854297e-05,-115.615456
2.5854297e-05,-150.10129
2.5854297e-05,-46.160618
2.5854297e-05,-46.97446
2.5854297e-05,-48.628635
2.5854297e-05,-38.948765
2.5854297e-05,-55.49454
2.5854297e-05,-35.64835
2.5854297e-05,-23.336216
2.5854297e-05,-15.978551
2.5854297e-05,26.060452
294.80002,137.35965
1789.2,1024.2643
2868.0,2384.8657
3443.2,2393.666
3717.2002,2954.8784
3764.4001,3176.9375
3624.4001,3163.8113
3146.4001,2487.0327
2583.5999,1921.8821
1528.0,932.61
470.4,370.4156
8.399989,149.7435
2.5854297e-05,21.661404
2.5854297e-05,-28.0239
2.5854297e-05,-29.692478
2.5854297e-05,-37.272007
2.5854297e-05,-16.055454
2.5854297e-05,-16.76627
2.5854297e-05,-22.446323
2.5854297e-05,-28.007664
2.5854297e-05,-37.3411
2.5854297e-05,-31.62363
2.5854297e-05,-17.070408
2.5854297e-05,19.187405
352.80002,117.673
1682.4,1068.7773
2774.4,2155.3132
3371.2,3125.696
3668.0,3638.5303
3681.6,3734.8384
3494.8,3155.0183
3120.4001,2743.6375
2507.5999,2269.9888
1300.0,1333.9696
365.6,520.6019
24.39999,181.11337
2.5854297e-05,91.566124
2.5854297e-05,5.972987
2.5854297e-05,-27.316502
2.5854297e-05,-39.66605
2.5854297e-05,-22.919834
2.5854297e-05,-50.868015
2.5854297e-05,-48.217808
2.5854297e-05,-17.600193
2.5854297e-05,-21.332005
2.5854297e-05,0.07113181
2.5854297e-05,11.181666
2.5854297e-05,51.23483
2.5854297e-05,213.85379
145.6,1122.6417
235.6,2070.4531
416.0,2692.8765
585.6,2757.6055
592.0,2517.1816
420.40002,1788.6705
388.80002,1339.924
252.79999,618.15283
167.6,226.25552
41.600002,83.118675
2.5854297e-05,37.490993
2.5854297e-05,8.012233
2.5854297e-05,-7.8177843
2.5854297e-05,-31.49387
2.5854297e-05,-34.182835
2.5854297e-05,-13.520726
2.5854297e-05,-12.773839
2.5854297e-05,-10.789891
2.5854297e-05,-21.40128
2.5854297e-05,-22.769993
2.5854297e-05,-30.27744
2.5854297e-05,-5.440099
2.5854297e-05,23.71902
71.99996,207.58408
630.0,404.51614
1163.6,1105.2534
1094.0,1528.2725
1311.2,2167.4492
1708.8,1622.1948
1387.6,1127.6458
533.6,300.87833
242.4,173.53104
167.19998,108.89303
104.00002,50.048855
2.5854297e-05,19.29855
2.5854297e-05,-3.8476305
2.5854297e-05,0.39547265
2.5854297e-05,-0.062474146
2.5854297e-05,-18.400303
2.5854297e-05,-42.92197
2.5854297e-05,-35.44675
2.5854297e-05,-25.064182
2.5854297e-05,-28.207127
2.5854297e-05,-33.110264
2.5854297e-05,-9.558812
2.5854297e-05,-24.918674
2.5854297e-05,7.526576
7.6000013,107.15945
71.199974,131.58542
239.20001,618.11945
1382.4,1205.2257
920.0,1855.2375
3060.0,2574.4468
2543.2,2938.3252
2178.8,2533.0344
2367.5999,1466.0714
888.8,311.25754
407.2,118.901634
31.199978,48.73727
2.5854297e-05,2.941371
2.5854297e-05,0.37435448
2.5854297e-05,-25.849094
2.5854297e-05,-30.712376
2.5854297e-05,-24.910984
2.5854297e-05,-27.846104
2.5854297e-05,-32.19254
2.5854297e-05,-39.162327
2.5854297e-05,-50.199375
2.5854297e-05,-44.3035
2.5854297e-05,-29.487705
2.5854297e-05,-3.7689562
446.0,51.31973
1130.4,378.9206
2671.6,1759.7057
3081.2002,2234.6182
3933.6,2814.8423
2909.2002,2604.677
2509.6,2587.566
1462.0,2242.1772
1230.4,1395.3068
809.6,841.8272
340.0,147.9537
18.000027,17.512356
2.5854297e-05,15.27859
2.5854297e-05,12.6975355
2.5854297e-05,-0.73093116
2.5854297e-05,-41.73789
2.5854297e-05,-67.89274
2.5854297e-05,-63.852634
2.5854297e-05,-62.93546
2.5854297e-05,-59.15201
2.5854297e-05,-56.222813
2.5854297e-05,-22.07175
2.5854297e-05,43.178493
2.5854297e-05,119.39895
405.2,249.54349
1867.2,1023.8671
2896.4001,1557.4058
3572.0,2741.2466
3667.6,2913.3328
3294.4,3134.1157
2204.8,2788.2937
1268.8,2391.4988
716.8,1254.23
366.0,677.50836
144.79996,242.15747
1.6000015,36.384
2.5854297e-05,-26.314182
2.5854297e-05,-30.51096
2.5854297e-05,-30.22623
2.5854297e-05,-19.116673
2.5854297e-05,-27.13779
2.5854297e-05,-68.99796
2.5854297e-05,-58.81882
2.5854297e-05,-51.97916
2.5854297e-05,-36.075047
2.5854297e-05,-1.671605
2.5854297e-05,66.590904
2.5854297e-05,126.86001
340.8,519.38184
1300.8,1290.8654
2266.8,1922.8796
3136.0002,2849.2449
3604.0,3503.9136
3760.8,3489.6077
3545.5999,3368.3372
3062.4,2395.8254
2328.4,2097.9648
1087.6,1188.3695
526.0,327.54135
49.199978,145.62875
2.5854297e-05,24.87344
2.5854297e-05,-29.836521
2.5854297e-05,-20.77695
2.5854297e-05,-30.93613
2.5854297e-05,-23.141209
2.5854297e-05,-18.729343
2.5854297e-05,-23.543552
2.5854297e-05,-27.8989
2.5854297e-05,-40.503574
2.5854297e-05,-18.133152
2.5854297e-05,8.991542
2.5854297e-05,12.796962
148.80002,211.68997
334.0,650.68524
597.2,1496.0135
1600.4,2617.1892
2026.0001,2875.0542
3430.8,3051.4277
1768.8,2476.8545
2400.4,2752.3667
2224.4,1983.7994
1219.6,1195.2793
474.40002,306.55252
46.000027,40.87698
2.5854297e-05,4.769191
2.5854297e-05,-0.5061387
2.5854297e-05,-2.138402
2.5854297e-05,-30.88596
2.5854297e-05,-30.344517
2.5854297e-05,-25.432407
2.5854297e-05,-29.006199
2.5854297e-05,-36.962498
2.5854297e-05,-35.53336
2.5854297e-05,-20.45847
2.5854297e-05,-6.5701647
2.5854297e-05,31.609829
436.0,221.95096
1688.0,888.31177
2680.0,2164.3413
3247.2002,3134.3223
3624.4001,3379.8604
3685.6,3536.5327
3482.7998,3364.451
3075.6,2471.6663
2339.6,1823.7391
1384.8,973.5627
476.4,350.08817
55.20004,130.707
2.5854297e-05,10.034694
2.5854297e-05,-9.164525
2.5854297e-05,-29.327488
2.5854297e-05,-27.136814
2.5854297e-05,-18.41544
2.5854297e-05,-17.107456
2.5854297e-05,-22.666416
2.5854297e-05,-26.248386
2.5854297e-05,-38.526096
2.5854297e-05,-21.58353
2.5854297e-05,-10.541356
2.5854297e-05,29.98312
327.2,174.80551
1128.4,948.2137
969.6,1207.319
1283.2,1911.1044
954.8,1944.3442
830.0,1715.1454
622.0,1295.939
608.0,910.02704
206.80002,486.35974
166.80002,264.88406
2.0000257,158.73483
2.5854297e-05,42.054653
2.5854297e-05,12.418849
2.5854297e-05,-79.83042
2.5854297e-05,-133.47366
2.5854297e-05,-61.86417
2.5854297e-05,-109.81687
2.5854297e-05,11.864467
2.5854297e-05,6.3680677
2.5854297e-05,-65.027565
2.5854297e-05,-10.403234
2.5854297e-05,21.238735
2.5854297e-05,-7.0406237
2.5854297e-05,105.329796
55.20004,298.43246
423.2,684.9884
1723.2001,1073.851
2218.0,1087.833
1888.4,1565.5704
3602.7998,1763.9154
3834.0,1452.1844
3270.4001,759.28345
2723.5999,513.4916
1653.2001,172.39658
454.0,31.998684
36.000027,39.21957
2.5854297e-05,3.1213026
2.5854297e-05,-75.76212
2.5854297e-05,-125.308205
2.5854297e-05,-59.892796
2.5854297e-05,-33.155186
2.5854297e-05,-4.449193
2.5854297e-05,-7.8666124
2.5854297e-05,-43.032444
2.5854297e-05,-24.263462
2.5854297e-05,8.499171
2.5854297e-05,64.01052
6.399989,122.505516
458.8,484.72406
1705.6,1722.9116
2891.6,2753.8716
3332.0,3253.0303
3622.8003,3318.7468
3764.4001,3692.942
3670.0,3561.2805
3356.0,3094.9124
2462.4,2420.2166
1296.0,1546.7882
507.6,653.621
53.999966,0.9443618
2.5854297e-05,-96.05564
2.5854297e-05,-151.63736
2.5854297e-05,-146.97043
2.5854297e-05,-151.76181
2.5854297e-05,-118.84904
2.5854297e-05,-110.96
2.5854297e-05,-95.96195
2.5854297e-05,-54.703526
2.5854297e-05,-20.983494
2.5854297e-05,17.889797
2.5854297e-05,84.84469
12.800014,143.14145
528.4,397.5589
1542.4,1221.3053
2464.8,1861.5828
2734.4,2694.1375
2645.2,2765.2446
3121.6,3250.4314
2254.4,2788.428
2554.4001,2215.2705
2406.4,1702.1628
1592.4,1002.20233
577.6,278.32092
77.6,141.29648
2.5854297e-05,25.190395
2.5854297e-05,-14.423253
2.5854297e-05,-29.028599
2.5854297e-05,-32.227024
2.5854297e-05,-18.973423
2.5854297e-05,-41.288548
2.5854297e-05,-26.267796
2.5854297e-05,-33.072422
2.5854297e-05,-42.68149
2.5854297e-05,-41.01859
2.5854297e-05,-20.631687
12.40005,14.2044935
601.6,180.76193
2023.6,938.5805
2970.8,2268.7935
3540.8,2774.1353
3810.0,3073.6458
3864.4,3131.8843
3694.4,2844.9614
3276.0002,2548.498
2583.5999,2020.2933
1628.0,1059.6107
596.4,429.33957
58.39999,182.56949
2.5854297e-05,26.182583
2.5854297e-05,-9.213658
2.5854297e-05,-32.08414
2.5854297e-05,-21.52396
2.5854297e-05,-16.949986
2.5854297e-05,-17.98386
2.5854297e-05,-24.411777
2.5854297e-05,-29.479588
2.5854297e-05,-38.32401
2.5854297e-05,-16.639378
2.5854297e-05,16.53329
2.5854297e-05,75.754906
198.4,340.71368
534.0,935.10535
965.2,1602.5658
1350.8,1650.4333
1767.6,1972.8737
3362.4,1771.1421
3382.0002,1875.085
2858.0,1513.9401
1954.0,1000.7472
756.0,438.94357
224.00003,250.89099
37.20004,111.49197
2.5854297e-05,39.56808
2.5854297e-05,-34.69675
2.5854297e-05,-34.503086
2.5854297e-05,-36.100437
2.5854297e-05,-31.226902
2.5854297e-05,-7.4496202
2.5854297e-05,-6.1548815
2.5854297e-05,-12.505712
2.5854297e-05,-9.834691
2.5854297e-05,5.4373426
2.5854297e-05,21.425076
15.600001,62.9512
519.2,243.01627
1308.8,1068.4099
2376.0,2291.424
2606.4,2755.8523
2818.8,2956.4597
2170.0,3136.3381
1297.2,3118.3176
1076.4,2414.8508
1103.2,1489.8677
713.6,646.27985
187.19998,164.0524
2.5854297e-05,3.50381
2.5854297e-05,11.709987
2.5854297e-05,-2.4252672
2.5854297e-05,-28.868992
2.5854297e-05,-34.743504
2.5854297e-05,-68.19248
2.5854297e-05,-59.634495
2.5854297e-05,-57.7634
2.5854297e-05,-50.864964
2.5854297e-05,-40.753086
2.5854297e-05,-20.254917
2.5854297e-05,13.838771
2.5854297e-05,47.65353
628.8,382.8062
2133.2,1186.6078
3113.5999,1931.1635
3722.8,2940.8184
4021.6,2926.8567
3724.4001,2228.6338
2820.0,2623.3774
1805.2001,2051.9622
981.6,1022.695
620.8,554.51483
200.80002,230.4216
17.200039,87.299095
2.5854297e-05,-9.966161
2.5854297e-05,-1.2588242
2.5854297e-05,6.9219007
2.5854297e-05,-70.18809
2.5854297e-05,-37.10294
2.5854297e-05,-28.763462
2.5854297e-05,-54.5994
2.5854297e-05,-29.945469
2.5854297e-05,-23.059544
2.5854297e-05,-19.992405
2.5854297e-05,-7.796788
28.39999,27.60867
653.6,252.7583
2051.2,1082.3224
2996.4001,2322.4258
3637.2,2965.1775
3752.0,2779.0525
3852.8,2317.2266
3803.2,3023.596
3414.0,2693.5432
2522.0,2118.4097
1274.0,1305.219
614.0,579.32623
61.199978,-13.041051
2.5854297e-05,14.586513
2.5854297e-05,-16.381992
2.5854297e-05,-25.593296
2.5854297e-05,-70.41129
2.5854297e-05,-96.660255
2.5854297e-05,-70.32285
2.5854297e-05,-79.03959
2.5854297e-05,-64.450294
2.5854297e-05,-10.868199
2.5854297e-05,3.580287
2.5854297e-05,32.937527
12.40005,67.919395
658.0,327.00726
2003.2001,1330.1998
2939.2002,2460.2012
3525.5999,2833.3018
3803.2,3179.7188
3841.6,2920.783
3686.0,2886.0876
3254.4,2404.3574
2562.4,1864.6293
1560.8,1045.4519
581.2,357.52118
68.80001,142.70084
2.5854297e-05,18.11166
2.5854297e-05,8.830165
2.5854297e-05,-18.705967
2.5854297e-05,-20.6608
2.5854297e-05,-36.561314
2.5854297e-05,-30.320835
2.5854297e-05,-31.030552
2.5854297e-05,-28.85709
2.5854297e-05,-26.764072
2.5854297e-05,-15.099095
2.5854297e-05,3.1987562
36.799953,47.708157
660.0,268.0513
2036.4,1203.9802
2947.2,2632.2314
3508.8,3196.9707
3789.2,3351.9482
3815.6,3225.3145
3607.6,3254.9832
3236.0002,2679.2224
2571.2,2218.1313
1620.0,1476.1721
598.39996,637.9867
63.20004,70.445335
2.5854297e-05,-6.9348497
2.5854297e-05,-49.76743
2.5854297e-05,-28.838535
2.5854297e-05,-4.9225817
2.5854297e-05,-66.11704
2.5854297e-05,-70.48142
2.5854297e-05,-38.55228
2.5854297e-05,-19.95731
2.5854297e-05,-13.095677
2.5854297e-05,4.134486
2.5854297e-05,23.300625
56.799953,63.193813
780.4,288.37106
2104.8,1063.6066
2995.2002,2393.06
3445.5999,3354.458
3261.2002,3472.4695
2891.6,3373.558
2526.0,3357.9905
2118.4,2798.0938
1775.6,2128.2234
1099.2,1512.39
438.4,587.41223
62.40005,63.045864
2.5854297e-05,-80.181496
2.5854297e-05,-76.12376
2.5854297e-05,4.319911
2.5854297e-05,-18.821934
2.5854297e-05,-45.426304
2.5854297e-05,-59.791843
2.5854297e-05,-38.330784
2.5854297e-05,31.580288
2.5854297e-05,69.8027
2.5854297e-05,120.98562
2.5854297e-05,182.5734
44.799953,234.32584
670.4,691.87054
1878.0,1679.3563
2727.2,2689.2993
3226.4001,3316.7427
3588.0002,3531.2727
3675.2,3505.9692
3527.2,3389.7615
3128.0,2714.637
2469.2,2217.1035
1560.0,1672.2823
586.8,578.5935
70.80001,123.95565
2.5854297e-05,12.66653
2.5854297e-05,-4.638768
2.5854297e-05,-26.153782
2.5854297e-05,-9.964391
2.5854297e-05,-55.629795
2.5854297e-05,-47.691746
2.5854297e-05,-17.038792
2.5854297e-05,-16.920994
2.5854297e-05,-30.195774
2.5854297e-05,-18.601658
2.5854297e-05,9.491176
8.399989,114.53597
304.4,422.468
1130.7999,1487.3613
2230.4,2585.2786
2511.2,3083.2468
3394.8,3475.5576
3670.0,3484.7346
3689.6,3130.7556
3323.6,2971.3262
2651.2,2516.3652
1647.6,1735.0757
611.2,874.31915
62.800014,58.51742
2.5854297e-05,-35.16782
2.5854297e-05,-63.71628
2.5854297e-05,-68.845436
2.5854297e-05,-130.2474
2.5854297e-05,-68.55448
2.5854297e-05,-74.4694
2.5854297e-05,-15.834752
2.5854297e-05,-19.84177
2.5854297e-05,26.009426
2.5854297e-05,54.931484
2.5854297e-05,88.83022
30.800014,140.21555
746.4,518.9888
2046.0001,1409.6382
2922.8,2428.906
3446.0,3071.677
3704.8,3289.828
3755.6,3390.7632
3583.6,3157.443
3212.8,2653.7039
2575.2,2046.0464
1613.2,1256.7312
591.6,465.9872
66.80001,158.23257
2.5854297e-05,20.376675
2.5854297e-05,1.2353774
2.5854297e-05,-21.284458
2.5854297e-05,-24.756138
2.5854297e-05,-20.93906
2.5854297e-05,-22.247715
2.5854297e-05,-26.266026
2.5854297e-05,-31.499912
2.5854297e-05,-41.54703
2.5854297e-05,-30.890476
2.5854297e-05,-9.614598
60.000027,42.16641
726.8,403.97256
1890.0001,1369.4122
2706.8,2702.0107
3267.2002,3176.2258
3592.8,3293.0928
3700.4,3334.9316
3493.6,3298.7498
3077.2,2804.7437
2510.4,2202.0908
1587.6,1330.6261
582.8,609.2175
67.199974,216.7344
2.5854297e-05,92.44698
2.5854297e-05,-26.942478
2.5854297e-05,-27.390354
2.5854297e-05,-25.73325
2.5854297e-05,-64.44987
2.5854297e-05,-22.297153
2.5854297e-05,-19.294712
2.5854297e-05,-38.921238
2.5854297e-05,-23.10416
2.5854297e-05,-10.248448
2.5854297e-05,6.1751966
72.80001,71.76937
771.6,380.11465
1948.0,1220.4767
2894.0,2707.3806
3390.8,2903.2427
3653.6,3055.7263
3474.8,2954.7993
3366.0,2970.3667
3202.8,2547.0774
2494.8,1990.4865
1508.0,1206.4741
520.0,414.6872
72.80001,184.78574
2.5854297e-05,54.535366
2.5854297e-05,-26.399937
2.5854297e-05,-27.069675
2.5854297e-05,-28.96909
2.5854297e-05,-15.425572
2.5854297e-05,-13.624852
2.5854297e-05,-11.383885
2.5854297e-05,-21.25687
2.5854297e-05,-3.9852037
2.5854297e-05,12.480372
2.5854297e-05,64.10995
28.800014,200.77982
275.59998,473.0947
836.8,963.1083
457.2,1239.9038
552.0,1561.3163
754.4,1633.195
1107.2,2251.7676
2196.7998,2216.7878
3058.8,1804.0912
2429.2,1378.2533
1475.6,733.56836
476.0,251.0015
66.80001,107.40804
2.5854297e-05,36.457485
2.5854297e-05,-32.674656
2.5854297e-05,-31.832615
2.5854297e-05,-38.60172
2.5854297e-05,-9.178075
2.5854297e-05,-3.3386583
2.5854297e-05,-7.57224
2.5854297e-05,-7.9190416
2.5854297e-05,6.2509413
2.5854297e-05,10.305018
2.5854297e-05,19.831936
73.200035,70.692955
758.0,448.761
1639.6001,1032.956
2745.6,1864.8114
3269.6,2443.2424
3609.6,2612.724
3646.4,2940.9382
3460.8,3025.1555
3051.6,2654.0732
2394.4,2012.5408
1501.2,1216.0494
565.2,570.3934
72.40005,190.2001
2.5854297e-05,72.761314
2.5854297e-05,-17.129124
2.5854297e-05,-31.484776
2.5854297e-05,-32.3931
2.5854297e-05,-8.94016
2.5854297e-05,-8.357274
2.5854297e-05,-11.524144
2.5854297e-05,-14.068212
2.5854297e-05,-22.028294
2.5854297e-05,-17.749119
2.5854297e-05,20.35574
2.5854297e-05,81.778404
280.4,386.62408
1314.8,657.4383
1222.8,1319.2671
1222.4,1769.3518
680.0,1237.361
336.4,1236.9034
158.00003,1285.4995
126.39999,1112.4017
50.39999,704.6447
96.00002,350.92245
19.599941,178.56107
2.5854297e-05,84.63943
2.5854297e-05,43.778347
2.5854297e-05,28.591091
2.5854297e-05,17.26498
2.5854297e-05,2.0686293
2.5854297e-05,-35.977818
2.5854297e-05,-24.208958
2.5854297e-05,-24.74619
2.5854297e-05,-13.470494
2.5854297e-05,-17.060581
2.5854297e-05,-6.787938
2.5854297e-05,35.811184
2.5854297e-05,106.74319
2.5854297e-05,329.7905
276.4,915.60376
891.6,1649.3215
1951.2001,2052.6187
1894.4,2429.84
1678.0,2312.212
1856.4,2050.2253
1702.8,2244.4778
2256.0,1573.9257
1582.0,733.2162
592.4,282.662
89.199974,148.332
2.5854297e-05,54.48184
2.5854297e-05,24.18777
2.5854297e-05,7.009242
2.5854297e-05,-18.936436
2.5854297e-05,-29.203342
2.5854297e-05,-24.090794
2.5854297e-05,-18.724033
2.5854297e-05,-10.162267
2.5854297e-05,-3.1736193
2.5854297e-05,38.042324
2.5854297e-05,82.9797
30.000027,141.64993
662.0,429.84186
1992.8,1209.8328
2772.0,2284.6345
3362.4,2977.343
3699.6,3341.0933
3830.0,3400.3699
3396.7998,3362.9138
3190.7998,3055.7515
2509.6,2401.855
1574.4,1430.3173
610.0,742.63367
104.00002,29.140469
2.5854297e-05,-21.573948
2.5854297e-05,-54.384678
2.5854297e-05,-114.54038
2.5854297e-05,-54.640903
2.5854297e-05,-70.63889
2.5854297e-05,-47.387974
2.5854297e-05,-34.967136
2.5854297e-05,-50.969273
2.5854297e-05,-38.05338
2.5854297e-05,5.1072645
2.5854297e-05,19.273708
134.79996,75.50967
779.2,299.8468
2034.8,1703.7445
3006.8,2648.4653
3118.0,2652.1514
3794.4001,3092.3982
3808.4001,3292.9438
3601.2,3057.864
3208.4,3074.2996
2519.6,2254.002
1422.7999,887.1134
572.8,350.65408
93.200035,115.118614
2.5854297e-05,13.172206
2.5854297e-05,-43.946262
2.5854297e-05,-113.70042
2.5854297e-05,-148.1481
2.5854297e-05,-66.29447
2.5854297e-05,-64.88175
2.5854297e-05,-28.046604
2.5854297e-05,26.698818
2.5854297e-05,59.508144
2.5854297e-05,108.85952
2.5854297e-05,105.11672
64.79995,177.59897
988.8,739.52826
2206.7998,1516.0859
3015.2002,2800.3887
3501.6,3559.9338
3736.4001,3431.398
3769.6,3618.4897
3598.0,3612.9233
3196.8,2879.7153
2536.0,2476.1768
1603.2,1655.7872
576.8,801.2882
163.20004,93.77218
2.5854297e-05,-26.335789
2.5854297e-05,-77.7808
2.5854297e-05,-68.49583
2.5854297e-05,-9.550267
2.5854297e-05,-57.66184
2.5854297e-05,-56.29282
2.5854297e-05,-24.574497
2.5854297e-05,2.3420668
2.5854297e-05,13.000819
2.5854297e-05,35.285732
2.5854297e-05,128.11295
65.200035,180.46957
481.6,636.36053
923.6,1543.3757
1872.8,2921.2368
2724.7998,3239.7385
3020.4001,3620.1943
3105.2,3387.424
2399.2,3166.871
2100.7998,2673.863
1922.8,2430.7195
1485.2,1660.6133
713.6,838.7537
83.6,113.040245
2.5854297e-05,-55.012913
2.5854297e-05,-109.4943
2.5854297e-05,-186.5167
2.5854297e-05,-195.66183
2.5854297e-05,-60.623264
2.5854297e-05,-37.146458
2.5854297e-05,2.0459242
2.5854297e-05,-3.0893297
2.5854297e-05,28.873135
2.5854297e-05,89.78445
2.5854297e-05,113.5837
65.6,242.15906
739.2,924.8745
1652.0,2180.362
2860.8,3042.8003
3319.5999,3598.269
3582.7998,3607.907
3667.2,3559.8467
2978.0,3377.671
2645.6,3177.601
1928.0,2281.8657
925.6,1515.1099
408.4,777.50616
92.39999,123.99459
2.5854297e-05,6.840541
2.5854297e-05,19.922268
2.5854297e-05,-31.301487
2.5854297e-05,-49.276096
2.5854297e-05,-47.472202
2.5854297e-05,-39.250767
2.5854297e-05,-29.40836
2.5854297e-05,-3.9052477
2.5854297e-05,15.023646
2.5854297e-05,51.906704
2.5854297e-05,68.75143
72.80001,163.76498
949.2,670.3341
2117.6,1778.1674
2893.2,2902.0269
3367.2002,3313.4766
3611.2002,3597.8455
3691.2002,3514.363
3557.2,3322.1472
3098.8,2796.5732
2460.8,2232.2312
1574.4,1484.991
625.2,682.3406
99.6,124.4045
2.5854297e-05,116.092
2.5854297e-05,-16.595066
2.5854297e-05,-12.717931
2.5854297e-05,-36.355015
2.5854297e-05,-45.08951
2.5854297e-05,-43.312473
2.5854297e-05,-45.42838
2.5854297e-05,0.71682274
2.5854297e-05,23.74728
2.5854297e-05,59.995083
2.5854297e-05,101.540306
2.5854297e-05,170.18973
150.40005,441.76004
311.6,1007.42773
284.40002,1376.3716
598.39996,1585.0634
557.2,731.55945
710.4,593.7023
452.0,453.68353
491.6,680.53595
1311.6,631.49963
1334.4,502.72943
566.39996,244.36414
106.80001,20.357327
2.5854297e-05,-23.458103
2.5854297e-05,-29.330051
2.5854297e-05,-28.22385
2.5854297e-05,-29.39774
2.5854297e-05,-19.438633
2.5854297e-05,-29.600925
2.5854297e-05,-22.961338
2.5854297e-05,-26.12064
2.5854297e-05,-36.862583
2.5854297e-05,-31.499302
2.5854297e-05,-2.5520372
63.999966,20.602688
802.4,157.34543
2016.8,391.5119
2852.4,2210.0247
3351.2,2810.8142
3624.8,2892.6814
3651.2002,3000.2424
3486.4,2914.0903
3079.5999,2587.469
2391.5999,2100.3577
1514.4,1276.3994
586.0,597.62775
122.80001,195.37344
2.5854297e-05,44.20431
2.5854297e-05,-27.024021
2.5854297e-05,-11.483312
2.5854297e-05,-29.337437
2.5854297e-05,-14.203038
2.5854297e-05,-12.247045
2.5854297e-05,-18.326511
2.5854297e-05,-12.523046
2.5854297e-05,-4.457677
2.5854297e-05,8.850368
2.5854297e-05,35.995693
92.80001,71.37527
622.8,387.03836
919.6,1041.8257
1126.0,1628.6516
1723.2001,1890.0248
1932.0,2633.7412
3074.8,2685.276
2619.6,2503.3293
1896.0,1989.5131
1517.6,1588.1509
848.0,683.5204
346.00003,345.72214
77.199974,159.38174
2.5854297e-05,48.81503
2.5854297e-05,-27.519688
2.5854297e-05,-26.220493
2.5854297e-05,-31.352207
2.5854297e-05,-16.985874
2.5854297e-05,-12.9885
2.5854297e-05,-10.102696
2.5854297e-05,-8.930699
2.5854297e-05,5.568385
2.5854297e-05,29.698086
2.5854297e-05,24.952724
123.200035,96.684044
874.8,547.7948
1961.2001,1691.0425
2747.6,2394.044
3238.0,2856.0195
3481.6,3154.0576
3448.0002,3437.417
3297.6,3387.0718
2950.4001,2166.8071
2303.6,2262.5393
1452.4,1531.8251
575.2,705.20917
97.59994,125.21975
2.5854297e-05,-20.229343
2.5854297e-05,-8.157994
2.5854297e-05,-28.382847
2.5854297e-05,-38.961033
2.5854297e-05,-29.952732
2.5854297e-05,-20.968418
2.5854297e-05,-10.741063
2.5854297e-05,-33.44266
2.5854297e-05,-20.407505
2.5854297e-05,-14.670445
2.5854297e-05,12.354091
224.80002,78.41097
1050.8,517.6045
1402.0,1094.0171
2315.2,2259.7214
3238.0,2972.004
3140.4001,3372.0884
2887.6,3388.484
1989.2,3059.3674
1739.2,2487.546
1113.6,1625.445
1104.4,938.0541
375.2,462.85324
56.39999,212.51895
2.5854297e-05,87.78011
2.5854297e-05,-13.033177
2.5854297e-05,-20.376621
2.5854297e-05,-7.116002
2.5854297e-05,-94.44645
2.5854297e-05,-2.0418444
2.5854297e-05,-6.101903
2.5854297e-05,-7.879674
2.5854297e-05,-1.4156846
2.5854297e-05,-9.941258
2.5854297e-05,7.1142225
2.5854297e-05,56.408962
53.999966,127.13906
205.6,308.42075
526.8,579.7923
678.8,504.34024
338.4,621.22284
226.80002,726.6923
339.2,675.7685
243.6,596.2793
122.39999,211.48587
311.2,121.92428
241.20001,93.063194
50.39999,49.740932
2.5854297e-05,-23.070164
2.5854297e-05,-67.233925
2.5854297e-05,-74.438576
2.5854297e-05,-62.047215
2.5854297e-05,-15.327245
2.5854297e-05,-13.307652
2.5854297e-05,-1.2200059
2.5854297e-05,16.886684
2.5854297e-05,49.209805
2.5854297e-05,57.445766
2.5854297e-05,165.54935
60.800014,237.456
399.6,843.954
1747.6,1791.433
2692.8,2631.7546
3266.4001,2756.389
3507.2,3175.2185
3337.2,3225.2292
3314.4,3229.5044
2989.5999,2645.5154
1929.2,1877.0985
1298.4,1128.7627
644.0,444.1494
223.19998,173.61215
0.39998925,36.25973
2.5854297e-05,-18.27396
2.5854297e-05,-26.600193
2.5854297e-05,-32.017124
2.5854297e-05,-14.848302
2.5854297e-05,-26.717075
2.5854297e-05,-19.139011
2.5854297e-05,-23.698277
2.5854297e-05,-31.646152
2.5854297e-05,-24.366184
2.5854297e-05,3.632411
169.99997,42.866726
908.8,226.91843
1841.2001,1091.4707
2654.0,2136.0662
3237.6,2797.9297
3515.2,2788.5488
3280.0,2972.1355
2610.0,2758.9634
1831.6,2533.879
1893.2001,1719.0347
1211.6,1079.9667
547.6,424.2148
101.6,180.16202
2.5854297e-05,20.867214
2.5854297e-05,-8.665685
2.5854297e-05,7.820033
2.5854297e-05,-7.042943
2.5854297e-05,-61.27512
2.5854297e-05,-41.293247
2.5854297e-05,-24.017735
2.5854297e-05,-31.92081
2.5854297e-05,-35.713108
2.5854297e-05,-22.565891
2.5854297e-05,2.0587416
2.5854297e-05,43.714382
90.40005,90.77517
392.4,378.06848
1014.39996,1153.196
3471.2,1596.2771
2588.4,1683.3802
3186.4001,1639.4962
2433.6,1880.8871
2547.2,1342.6884
988.8,856.3934
561.6,423.01053
250.0,186.02676
20.000027,102.4233
2.5854297e-05,23.899685
2.5854297e-05,16.526455
2.5854297e-05,11.501613
2.5854297e-05,-3.6299791
2.5854297e-05,-50.59171
2.5854297e-05,-23.300632
2.5854297e-05,-17.489597
2.5854297e-05,-15.920995
2.5854297e-05,5.6195326
2.5854297e-05,16.302578
2.5854297e-05,49.01785
189.19998,132.99576
738.0,436.99716
2234.8,1226.6912
2006.8,1393.9349
2210.8,2148.022
2303.6,2625.4226
2447.5999,2841.5398
2971.6,2674.1157
2249.6,2195.0774
1344.4,1194.3597
967.6,812.63226
678.0,176.08017
144.00003,67.84139
2.5854297e-05,14.304469
2.5854297e-05,7.1001844
2.5854297e-05,-5.8962145
2.5854297e-05,-24.634678
