"시점","항목","시간대별",데이터
"2017","1월","1시",964
"2017","1월","2시",851
"2017","1월","3시",790
"2017","1월","4시",765
"2017","1월","5시",761
"2017","1월","6시",780
"2017","1월","7시",857
"2017","1월","8시",970
"2017","1월","9시",1037
"2017","1월","10시",1036
"2017","1월","11시",1013
"2017","1월","12시",986
"2017","1월","13시",969
"2017","1월","14시",942
"2017","1월","15시",920
"2017","1월","16시",921
"2017","1월","17시",958
"2017","1월","18시",1087
"2017","1월","19시",1243
"2017","1월","20시",1278
"2017","1월","21시",1284
"2017","1월","22시",1273
"2017","1월","23시",1212
"2017","1월","24시",1104
"2017","2월","1시",968
"2017","2월","2시",855
"2017","2월","3시",795
"2017","2월","4시",770
"2017","2월","5시",767
"2017","2월","6시",788
"2017","2월","7시",873
"2017","2월","8시",1007
"2017","2월","9시",1054
"2017","2월","10시",1031
"2017","2월","11시",999
"2017","2월","12시",970
"2017","2월","13시",951
"2017","2월","14시",927
"2017","2월","15시",908
"2017","2월","16시",910
"2017","2월","17시",942
"2017","2월","18시",1047
"2017","2월","19시",1220
"2017","2월","20시",1290
"2017","2월","21시",1298
"2017","2월","22시",1288
"2017","2월","23시",1226
"2017","2월","24시",1114
"2017","3월","1시",975
"2017","3월","2시",858
"2017","3월","3시",799
"2017","3월","4시",775
"2017","3월","5시",775
"2017","3월","6시",800
"2017","3월","7시",911
"2017","3월","8시",1077
"2017","3월","9시",1072
"2017","3월","10시",1012
"2017","3월","11시",964
"2017","3월","12시",931
"2017","3월","13시",913
"2017","3월","14시",890
"2017","3월","15시",876
"2017","3월","16시",883
"2017","3월","17시",923
"2017","3월","18시",1027
"2017","3월","19시",1195
"2017","3월","20시",1311
"2017","3월","21시",1330
"2017","3월","22시",1320
"2017","3월","23시",1252
"2017","3월","24시",1130
"2017","4월","1시",985
"2017","4월","2시",863
"2017","4월","3시",800
"2017","4월","4시",772
"2017","4월","5시",771
"2017","4월","6시",794
"2017","4월","7시",912
"2017","4월","8시",1066
"2017","4월","9시",1070
"2017","4월","10시",1012
"2017","4월","11시",964
"2017","4월","12시",932
"2017","4월","13시",920
"2017","4월","14시",902
"2017","4월","15시",889
"2017","4월","16시",897
"2017","4월","17시",929
"2017","4월","18시",1016
"2017","4월","19시",1152
"2017","4월","20시",1292
"2017","4월","21시",1333
"2017","4월","22시",1329
"2017","4월","23시",1263
"2017","4월","24시",1137
"2017","5월","1시",973
"2017","5월","2시",849
"2017","5월","3시",782
"2017","5월","4시",751
"2017","5월","5시",745
"2017","5월","6시",771
"2017","5월","7시",886
"2017","5월","8시",1032
"2017","5월","9시",1054
"2017","5월","10시",1014
"2017","5월","11시",979
"2017","5월","12시",956
"2017","5월","13시",948
"2017","5월","14시",932
"2017","5월","15시",923
"2017","5월","16시",930
"2017","5월","17시",963
"2017","5월","18시",1036
"2017","5월","19시",1144
"2017","5월","20시",1264
"2017","5월","21시",1336
"2017","5월","22시",1334
"2017","5월","23시",1263
"2017","5월","24시",1131
"2017","6월","1시",963
"2017","6월","2시",838
"2017","6월","3시",769
"2017","6월","4시",735
"2017","6월","5시",726
"2017","6월","6시",752
"2017","6월","7시",866
"2017","6월","8시",1019
"2017","6월","9시",1043
"2017","6월","10시",1005
"2017","6월","11시",977
"2017","6월","12시",962
"2017","6월","13시",962
"2017","6월","14시",952
"2017","6월","15시",948
"2017","6월","16시",960
"2017","6월","17시",993
"2017","6월","18시",1065
"2017","6월","19시",1160
"2017","6월","20시",1254
"2017","6월","21시",1331
"2017","6월","22시",1330
"2017","6월","23시",1260
"2017","6월","24시",1127
"2017","7월","1시",965
"2017","7월","2시",827
"2017","7월","3시",746
"2017","7월","4시",702
"2017","7월","5시",682
"2017","7월","6시",687
"2017","7월","7시",773
"2017","7월","8시",907
"2017","7월","9시",961
"2017","7월","10시",963
"2017","7월","11시",965
"2017","7월","12시",969
"2017","7월","13시",988
"2017","7월","14시",994
"2017","7월","15시",996
"2017","7월","16시",1010
"2017","7월","17시",1049
"2017","7월","18시",1117
"2017","7월","19시",1216
"2017","7월","20시",1306
"2017","7월","21시",1371
"2017","7월","22시",1369
"2017","7월","23시",1293
"2017","7월","24시",1144
"2017","8월","1시",971
"2017","8월","2시",836
"2017","8월","3시",757
"2017","8월","4시",714
"2017","8월","5시",694
"2017","8월","6시",699
"2017","8월","7시",781
"2017","8월","8시",909
"2017","8월","9시",965
"2017","8월","10시",978
"2017","8월","11시",983
"2017","8월","12시",988
"2017","8월","13시",1006
"2017","8월","14시",1006
"2017","8월","15시",999
"2017","8월","16시",1007
"2017","8월","17시",1036
"2017","8월","18시",1103
"2017","8월","19시",1199
"2017","8월","20시",1298
"2017","8월","21시",1344
"2017","8월","22시",1334
"2017","8월","23시",1264
"2017","8월","24시",1128
"2017","9월","1시",951
"2017","9월","2시",831
"2017","9월","3시",764
"2017","9월","4시",732
"2017","9월","5시",727
"2017","9월","6시",753
"2017","9월","7시",866
"2017","9월","8시",1035
"2017","9월","9시",1054
"2017","9월","10시",1007
"2017","9월","11시",973
"2017","9월","12시",955
"2017","9월","13시",954
"2017","9월","14시",943
"2017","9월","15시",936
"2017","9월","16시",949
"2017","9월","17시",979
"2017","9월","18시",1067
"2017","9월","19시",1214
"2017","9월","20시",1322
"2017","9월","21시",1333
"2017","9월","22시",1312
"2017","9월","23시",1238
"2017","9월","24시",1105
"2017","10월","1시",961
"2017","10월","2시",845
"2017","10월","3시",782
"2017","10월","4시",751
"2017","10월","5시",746
"2017","10월","6시",769
"2017","10월","7시",860
"2017","10월","8시",1016
"2017","10월","9시",1044
"2017","10월","10시",1010
"2017","10월","11시",978
"2017","10월","12시",954
"2017","10월","13시",945
"2017","10월","14시",928
"2017","10월","15시",916
"2017","10월","16시",925
"2017","10월","17시",962
"2017","10월","18시",1086
"2017","10월","19시",1260
"2017","10월","20시",1309
"2017","10월","21시",1316
"2017","10월","22시",1298
"2017","10월","23시",1230
"2017","10월","24시",1105
"2017","11월","1시",958
"2017","11월","2시",846
"2017","11월","3시",788
"2017","11월","4시",764
"2017","11월","5시",764
"2017","11월","6시",791
"2017","11월","7시",892
"2017","11월","8시",1056
"2017","11월","9시",1068
"2017","11월","10시",999
"2017","11월","11시",948
"2017","11월","12시",917
"2017","11월","13시",903
"2017","11월","14시",886
"2017","11월","15시",878
"2017","11월","16시",893
"2017","11월","17시",952
"2017","11월","18시",1123
"2017","11월","19시",1275
"2017","11월","20시",1316
"2017","11월","21시",1325
"2017","11월","22시",1309
"2017","11월","23시",1238
"2017","11월","24시",1108
"2017","12월","1시",957
"2017","12월","2시",851
"2017","12월","3시",792
"2017","12월","4시",767
"2017","12월","5시",765
"2017","12월","6시",787
"2017","12월","7시",874
"2017","12월","8시",1017
"2017","12월","9시",1059
"2017","12월","10시",1021
"2017","12월","11시",988
"2017","12월","12시",956
"2017","12월","13시",935
"2017","12월","14시",914
"2017","12월","15시",903
"2017","12월","16시",916
"2017","12월","17시",972
"2017","12월","18시",1133
"2017","12월","19시",1254
"2017","12월","20시",1283
"2017","12월","21시",1286
"2017","12월","22시",1270
"2017","12월","23시",1205
"2017","12월","24시",1091
"2018","1월","1시",951
"2018","1월","2시",845
"2018","1월","3시",786
"2018","1월","4시",761
"2018","1월","5시",758
"2018","1월","6시",778
"2018","1월","7시",859
"2018","1월","8시",974
"2018","1월","9시",1036
"2018","1월","10시",1029
"2018","1월","11시",1006
"2018","1월","12시",983
"2018","1월","13시",969
"2018","1월","14시",944
"2018","1월","15시",924
"2018","1월","16시",927
"2018","1월","17시",971
"2018","1월","18시",1099
"2018","1월","19시",1255
"2018","1월","20시",1291
"2018","1월","21시",1291
"2018","1월","22시",1272
"2018","1월","23시",1203
"2018","1월","24시",1087
"2018","2월","1시",963
"2018","2월","2시",853
"2018","2월","3시",793
"2018","2월","4시",767
"2018","2월","5시",763
"2018","2월","6시",784
"2018","2월","7시",864
"2018","2월","8시",992
"2018","2월","9시",1045
"2018","2월","10시",1031
"2018","2월","11시",1006
"2018","2월","12시",981
"2018","2월","13시",965
"2018","2월","14시",941
"2018","2월","15시",922
"2018","2월","16시",926
"2018","2월","17시",960
"2018","2월","18시",1051
"2018","2월","19시",1226
"2018","2월","20시",1285
"2018","2월","21시",1287
"2018","2월","22시",1275
"2018","2월","23시",1214
"2018","2월","24시",1099
"2018","3월","1시",971
"2018","3월","2시",853
"2018","3월","3시",792
"2018","3월","4시",767
"2018","3월","5시",765
"2018","3월","6시",790
"2018","3월","7시",894
"2018","3월","8시",1062
"2018","3월","9시",1070
"2018","3월","10시",1019
"2018","3월","11시",975
"2018","3월","12시",945
"2018","3월","13시",928
"2018","3월","14시",905
"2018","3월","15시",891
"2018","3월","16시",898
"2018","3월","17시",937
"2018","3월","18시",1030
"2018","3월","19시",1202
"2018","3월","20시",1311
"2018","3월","21시",1325
"2018","3월","22시",1310
"2018","3월","23시",1240
"2018","3월","24시",1114
"2018","4월","1시",969
"2018","4월","2시",852
"2018","4월","3시",790
"2018","4월","4시",762
"2018","4월","5시",760
"2018","4월","6시",787
"2018","4월","7시",903
"2018","4월","8시",1062
"2018","4월","9시",1067
"2018","4월","10시",1010
"2018","4월","11시",965
"2018","4월","12시",937
"2018","4월","13시",926
"2018","4월","14시",908
"2018","4월","15시",896
"2018","4월","16시",907
"2018","4월","17시",946
"2018","4월","18시",1027
"2018","4월","19시",1175
"2018","4월","20시",1307
"2018","4월","21시",1341
"2018","4월","22시",1326
"2018","4월","23시",1252
"2018","4월","24시",1118
"2018","5월","1시",966
"2018","5월","2시",844
"2018","5월","3시",779
"2018","5월","4시",748
"2018","5월","5시",742
"2018","5월","6시",769
"2018","5월","7시",883
"2018","5월","8시",1035
"2018","5월","9시",1056
"2018","5월","10시",1014
"2018","5월","11시",978
"2018","5월","12시",956
"2018","5월","13시",948
"2018","5월","14시",931
"2018","5월","15시",921
"2018","5월","16시",929
"2018","5월","17시",965
"2018","5월","18시",1044
"2018","5월","19시",1164
"2018","5월","20시",1278
"2018","5월","21시",1339
"2018","5월","22시",1330
"2018","5월","23시",1255
"2018","5월","24시",1119
"2018","6월","1시",965
"2018","6월","2시",841
"2018","6월","3시",765
"2018","6월","4시",727
"2018","6월","5시",715
"2018","6월","6시",738
"2018","6월","7시",843
"2018","6월","8시",990
"2018","6월","9시",1026
"2018","6월","10시",1001
"2018","6월","11시",980
"2018","6월","12시",968
"2018","6월","13시",970
"2018","6월","14시",960
"2018","6월","15시",954
"2018","6월","16시",969
"2018","6월","17시",1006
"2018","6월","18시",1071
"2018","6월","19시",1181
"2018","6월","20시",1271
"2018","6월","21시",1339
"2018","6월","22시",1333
"2018","6월","23시",1259
"2018","6월","24시",1124
"2018","7월","1시",961
"2018","7월","2시",823
"2018","7월","3시",740
"2018","7월","4시",694
"2018","7월","5시",670
"2018","7월","6시",671
"2018","7월","7시",750
"2018","7월","8시",884
"2018","7월","9시",941
"2018","7월","10시",945
"2018","7월","11시",950
"2018","7월","12시",959
"2018","7월","13시",985
"2018","7월","14시",997
"2018","7월","15시",1001
"2018","7월","16시",1018
"2018","7월","17시",1060
"2018","7월","18시",1140
"2018","7월","19시",1240
"2018","7월","20시",1326
"2018","7월","21시",1387
"2018","7월","22시",1387
"2018","7월","23시",1309
"2018","7월","24시",1154
"2018","8월","1시",985
"2018","8월","2시",853
"2018","8월","3시",772
"2018","8월","4시",724
"2018","8월","5시",697
"2018","8월","6시",690
"2018","8월","7시",751
"2018","8월","8시",866
"2018","8월","9시",929
"2018","8월","10시",952
"2018","8월","11시",966
"2018","8월","12시",981
"2018","8월","13시",1009
"2018","8월","14시",1014
"2018","8월","15시",1010
"2018","8월","16시",1027
"2018","8월","17시",1061
"2018","8월","18시",1107
"2018","8월","19시",1217
"2018","8월","20시",1304
"2018","8월","21시",1347
"2018","8월","22시",1337
"2018","8월","23시",1267
"2018","8월","24시",1133
"2018","9월","1시",953
"2018","9월","2시",831
"2018","9월","3시",764
"2018","9월","4시",729
"2018","9월","5시",721
"2018","9월","6시",743
"2018","9월","7시",839
"2018","9월","8시",994
"2018","9월","9시",1034
"2018","9월","10시",1011
"2018","9월","11시",990
"2018","9월","12시",976
"2018","9월","13시",974
"2018","9월","14시",960
"2018","9월","15시",951
"2018","9월","16시",963
"2018","9월","17시",999
"2018","9월","18시",1077
"2018","9월","19시",1222
"2018","9월","20시",1318
"2018","9월","21시",1326
"2018","9월","22시",1301
"2018","9월","23시",1224
"2018","9월","24시",1095
"2018","10월","1시",959
"2018","10월","2시",843
"2018","10월","3시",782
"2018","10월","4시",753
"2018","10월","5시",750
"2018","10월","6시",779
"2018","10월","7시",879
"2018","10월","8시",1042
"2018","10월","9시",1054
"2018","10월","10시",997
"2018","10월","11시",955
"2018","10월","12시",931
"2018","10월","13시",923
"2018","10월","14시",904
"2018","10월","15시",893
"2018","10월","16시",902
"2018","10월","17시",949
"2018","10월","18시",1074
"2018","10월","19시",1274
"2018","10월","20시",1334
"2018","10월","21시",1340
"2018","10월","22시",1322
"2018","10월","23시",1243
"2018","10월","24시",1109
"2018","11월","1시",958
"2018","11월","2시",845
"2018","11월","3시",786
"2018","11월","4시",761
"2018","11월","5시",759
"2018","11월","6시",786
"2018","11월","7시",884
"2018","11월","8시",1048
"2018","11월","9시",1064
"2018","11월","10시",996
"2018","11월","11시",946
"2018","11월","12시",918
"2018","11월","13시",907
"2018","11월","14시",890
"2018","11월","15시",881
"2018","11월","16시",899
"2018","11월","17시",960
"2018","11월","18시",1116
"2018","11월","19시",1282
"2018","11월","20시",1323
"2018","11월","21시",1328
"2018","11월","22시",1310
"2018","11월","23시",1234
"2018","11월","24시",1105
"2018","12월","1시",957
"2018","12월","2시",848
"2018","12월","3시",787
"2018","12월","4시",761
"2018","12월","5시",757
"2018","12월","6시",778
"2018","12월","7시",862
"2018","12월","8시",1004
"2018","12월","9시",1054
"2018","12월","10시",1017
"2018","12월","11시",983
"2018","12월","12시",955
"2018","12월","13시",939
"2018","12월","14시",920
"2018","12월","15시",908
"2018","12월","16시",922
"2018","12월","17시",979
"2018","12월","18시",1125
"2018","12월","19시",1266
"2018","12월","20시",1294
"2018","12월","21시",1295
"2018","12월","22시",1277
"2018","12월","23시",1207
"2018","12월","24시",1092
"2019","1월","1시",963
"2019","1월","2시",850
"2019","1월","3시",789
"2019","1월","4시",761
"2019","1월","5시",756
"2019","1월","6시",777
"2019","1월","7시",858
"2019","1월","8시",978
"2019","1월","9시",1039
"2019","1월","10시",1024
"2019","1월","11시",997
"2019","1월","12시",974
"2019","1월","13시",961
"2019","1월","14시",936
"2019","1월","15시",914
"2019","1월","16시",916
"2019","1월","17시",960
"2019","1월","18시",1099
"2019","1월","19시",1261
"2019","1월","20시",1299
"2019","1월","21시",1299
"2019","1월","22시",1281
"2019","1월","23시",1213
"2019","1월","24시",1096
"2019","2월","1시",964
"2019","2월","2시",852
"2019","2월","3시",791
"2019","2월","4시",763
"2019","2월","5시",757
"2019","2월","6시",777
"2019","2월","7시",854
"2019","2월","8시",975
"2019","2월","9시",1037
"2019","2월","10시",1032
"2019","2월","11시",1009
"2019","2월","12시",988
"2019","2월","13시",974
"2019","2월","14시",948
"2019","2월","15시",927
"2019","2월","16시",926
"2019","2월","17시",961
"2019","2월","18시",1065
"2019","2월","19시",1231
"2019","2월","20시",1291
"2019","2월","21시",1291
"2019","2월","22시",1277
"2019","2월","23시",1211
"2019","2월","24시",1098
"2019","3월","1시",963
"2019","3월","2시",847
"2019","3월","3시",788
"2019","3월","4시",762
"2019","3월","5시",759
"2019","3월","6시",784
"2019","3월","7시",883
"2019","3월","8시",1045
"2019","3월","9시",1057
"2019","3월","10시",1010
"2019","3월","11시",970
"2019","3월","12시",944
"2019","3월","13시",933
"2019","3월","14시",910
"2019","3월","15시",895
"2019","3월","16시",903
"2019","3월","17시",948
"2019","3월","18시",1054
"2019","3월","19시",1219
"2019","3월","20시",1327
"2019","3월","21시",1335
"2019","3월","22시",1319
"2019","3월","23시",1240
"2019","3월","24시",1109
"2019","4월","1시",967
"2019","4월","2시",852
"2019","4월","3시",791
"2019","4월","4시",764
"2019","4월","5시",762
"2019","4월","6시",788
"2019","4월","7시",903
"2019","4월","8시",1060
"2019","4월","9시",1061
"2019","4월","10시",1000
"2019","4월","11시",957
"2019","4월","12시",933
"2019","4월","13시",924
"2019","4월","14시",904
"2019","4월","15시",892
"2019","4월","16시",903
"2019","4월","17시",945
"2019","4월","18시",1045
"2019","4월","19시",1190
"2019","4월","20시",1318
"2019","4월","21시",1347
"2019","4월","22시",1331
"2019","4월","23시",1249
"2019","4월","24시",1116
"2019","5월","1시",966
"2019","5월","2시",845
"2019","5월","3시",780
"2019","5월","4시",749
"2019","5월","5시",744
"2019","5월","6시",772
"2019","5월","7시",886
"2019","5월","8시",1036
"2019","5월","9시",1052
"2019","5월","10시",1003
"2019","5월","11시",967
"2019","5월","12시",948
"2019","5월","13시",944
"2019","5월","14시",928
"2019","5월","15시",918
"2019","5월","16시",929
"2019","5월","17시",966
"2019","5월","18시",1050
"2019","5월","19시",1170
"2019","5월","20시",1288
"2019","5월","21시",1347
"2019","5월","22시",1337
"2019","5월","23시",1257
"2019","5월","24시",1118
"2019","6월","1시",954
"2019","6월","2시",836
"2019","6월","3시",767
"2019","6월","4시",730
"2019","6월","5시",719
"2019","6월","6시",744
"2019","6월","7시",846
"2019","6월","8시",992
"2019","6월","9시",1027
"2019","6월","10시",1001
"2019","6월","11시",982
"2019","6월","12시",970
"2019","6월","13시",973
"2019","6월","14시",960
"2019","6월","15시",953
"2019","6월","16시",964
"2019","6월","17시",1001
"2019","6월","18시",1080
"2019","6월","19시",1187
"2019","6월","20시",1277
"2019","6월","21시",1343
"2019","6월","22시",1333
"2019","6월","23시",1250
"2019","6월","24시",1110
"2019","7월","1시",945
"2019","7월","2시",816
"2019","7월","3시",741
"2019","7월","4시",700
"2019","7월","5시",683
"2019","7월","6시",697
"2019","7월","7시",788
"2019","7월","8시",928
"2019","7월","9시",977
"2019","7월","10시",969
"2019","7월","11시",967
"2019","7월","12시",973
"2019","7월","13시",992
"2019","7월","14시",994
"2019","7월","15시",991
"2019","7월","16시",1006
"2019","7월","17시",1043
"2019","7월","18시",1120
"2019","7월","19시",1227
"2019","7월","20시",1315
"2019","7월","21시",1370
"2019","7월","22시",1359
"2019","7월","23시",1275
"2019","7월","24시",1126
"2019","8월","1시",964
"2019","8월","2시",830
"2019","8월","3시",749
"2019","8월","4시",701
"2019","8월","5시",678
"2019","8월","6시",677
"2019","8월","7시",744
"2019","8월","8시",864
"2019","8월","9시",930
"2019","8월","10시",955
"2019","8월","11시",975
"2019","8월","12시",994
"2019","8월","13시",1024
"2019","8월","14시",1027
"2019","8월","15시",1020
"2019","8월","16시",1030
"2019","8월","17시",1064
"2019","8월","18시",1133
"2019","8월","19시",1231
"2019","8월","20시",1323
"2019","8월","21시",1361
"2019","8월","22시",1343
"2019","8월","23시",1263
"2019","8월","24시",1120
"2019","9월","1시",938
"2019","9월","2시",818
"2019","9월","3시",750
"2019","9월","4시",715
"2019","9월","5시",705
"2019","9월","6시",725
"2019","9월","7시",821
"2019","9월","8시",979
"2019","9월","9시",1016
"2019","9월","10시",993
"2019","9월","11시",979
"2019","9월","12시",974
"2019","9월","13시",982
"2019","9월","14시",974
"2019","9월","15시",968
"2019","9월","16시",981
"2019","9월","17시",1021
"2019","9월","18시",1112
"2019","9월","19시",1250
"2019","9월","20시",1338
"2019","9월","21시",1339
"2019","9월","22시",1311
"2019","9월","23시",1225
"2019","9월","24시",1087
"2019","10월","1시",949
"2019","10월","2시",834
"2019","10월","3시",772
"2019","10월","4시",742
"2019","10월","5시",738
"2019","10월","6시",766
"2019","10월","7시",864
"2019","10월","8시",1031
"2019","10월","9시",1049
"2019","10월","10시",998
"2019","10월","11시",960
"2019","10월","12시",939
"2019","10월","13시",934
"2019","10월","14시",918
"2019","10월","15시",907
"2019","10월","16시",919
"2019","10월","17시",966
"2019","10월","18시",1098
"2019","10월","19시",1284
"2019","10월","20시",1338
"2019","10월","21시",1342
"2019","10월","22시",1319
"2019","10월","23시",1234
"2019","10월","24시",1099
"2019","11월","1시",951
"2019","11월","2시",839
"2019","11월","3시",780
"2019","11월","4시",752
"2019","11월","5시",751
"2019","11월","6시",779
"2019","11월","7시",873
"2019","11월","8시",1035
"2019","11월","9시",1057
"2019","11월","10시",997
"2019","11월","11시",952
"2019","11월","12시",928
"2019","11월","13시",918
"2019","11월","14시",900
"2019","11월","15시",890
"2019","11월","16시",906
"2019","11월","17시",967
"2019","11월","18시",1139
"2019","11월","19시",1288
"2019","11월","20시",1326
"2019","11월","21시",1332
"2019","11월","22시",1310
"2019","11월","23시",1230
"2019","11월","24시",1100
"2019","12월","1시",962
"2019","12월","2시",852
"2019","12월","3시",791
"2019","12월","4시",762
"2019","12월","5시",759
"2019","12월","6시",782
"2019","12월","7시",868
"2019","12월","8시",1014
"2019","12월","9시",1063
"2019","12월","10시",1024
"2019","12월","11시",990
"2019","12월","12시",963
"2019","12월","13시",951
"2019","12월","14시",932
"2019","12월","15시",920
"2019","12월","16시",934
"2019","12월","17시",994
"2019","12월","18시",1140
"2019","12월","19시",1247
"2019","12월","20시",1275
"2019","12월","21시",1276
"2019","12월","22시",1255
"2019","12월","23시",1182
"2019","12월","24시",1066
"2020","1월","1시",956
"2020","1월","2시",843
"2020","1월","3시",779
"2020","1월","4시",750
"2020","1월","5시",744
"2020","1월","6시",764
"2020","1월","7시",839
"2020","1월","8시",955
"2020","1월","9시",1027
"2020","1월","10시",1025
"2020","1월","11시",1005
"2020","1월","12시",987
"2020","1월","13시",980
"2020","1월","14시",956
"2020","1월","15시",934
"2020","1월","16시",935
"2020","1월","17시",979
"2020","1월","18시",1115
"2020","1월","19시",1264
"2020","1월","20시",1298
"2020","1월","21시",1296
"2020","1월","22시",1276
"2020","1월","23시",1204
"2020","1월","24시",1090
"2020","2월","1시",945
"2020","2월","2시",831
"2020","2월","3시",768
"2020","2월","4시",739
"2020","2월","5시",732
"2020","2월","6시",752
"2020","2월","7시",828
"2020","2월","8시",949
"2020","2월","9시",1007
"2020","2월","10시",1009
"2020","2월","11시",1001
"2020","2월","12시",996
"2020","2월","13시",997
"2020","2월","14시",973
"2020","2월","15시",949
"2020","2월","16시",946
"2020","2월","17시",982
"2020","2월","18시",1095
"2020","2월","19시",1276
"2020","2월","20시",1333
"2020","2월","21시",1320
"2020","2월","22시",1286
"2020","2월","23시",1201
"2020","2월","24시",1082
"2020","3월","1시",945
"2020","3월","2시",832
"2020","3월","3시",768
"2020","3월","4시",736
"2020","3월","5시",727
"2020","3월","6시",745
"2020","3월","7시",815
"2020","3월","8시",929
"2020","3월","9시",977
"2020","3월","10시",995
"2020","3월","11시",1000
"2020","3월","12시",1006
"2020","3월","13시",1016
"2020","3월","14시",988
"2020","3월","15시",957
"2020","3월","16시",950
"2020","3월","17시",981
"2020","3월","18시",1085
"2020","3월","19시",1263
"2020","3월","20시",1362
"2020","3월","21시",1342
"2020","3월","22시",1300
"2020","3월","23시",1205
"2020","3월","24시",1078
"2020","4월","1시",954
"2020","4월","2시",837
"2020","4월","3시",773
"2020","4월","4시",741
"2020","4월","5시",733
"2020","4월","6시",751
"2020","4월","7시",833
"2020","4월","8시",945
"2020","4월","9시",991
"2020","4월","10시",1003
"2020","4월","11시",999
"2020","4월","12시",999
"2020","4월","13시",1007
"2020","4월","14시",978
"2020","4월","15시",947
"2020","4월","16시",939
"2020","4월","17시",969
"2020","4월","18시",1064
"2020","4월","19시",1214
"2020","4월","20시",1340
"2020","4월","21시",1351
"2020","4월","22시",1315
"2020","4월","23시",1224
"2020","4월","24시",1095
"2020","5월","1시",952
"2020","5월","2시",829
"2020","5월","3시",761
"2020","5월","4시",724
"2020","5월","5시",713
"2020","5월","6시",731
"2020","5월","7시",819
"2020","5월","8시",936
"2020","5월","9시",991
"2020","5월","10시",1013
"2020","5월","11시",1014
"2020","5월","12시",1016
"2020","5월","13시",1022
"2020","5월","14시",996
"2020","5월","15시",970
"2020","5월","16시",965
"2020","5월","17시",993
"2020","5월","18시",1077
"2020","5월","19시",1197
"2020","5월","20시",1298
"2020","5월","21시",1339
"2020","5월","22시",1315
"2020","5월","23시",1231
"2020","5월","24시",1098
"2020","6월","1시",931
"2020","6월","2시",808
"2020","6월","3시",739
"2020","6월","4시",701
"2020","6월","5시",687
"2020","6월","6시",707
"2020","6월","7시",803
"2020","6월","8시",938
"2020","6월","9시",980
"2020","6월","10시",983
"2020","6월","11시",986
"2020","6월","12시",996
"2020","6월","13시",1017
"2020","6월","14시",1010
"2020","6월","15시",997
"2020","6월","16시",1004
"2020","6월","17시",1038
"2020","6월","18시",1119
"2020","6월","19시",1230
"2020","6월","20시",1311
"2020","6월","21시",1356
"2020","6월","22시",1331
"2020","6월","23시",1236
"2020","6월","24시",1089
"2020","7월","1시",932
"2020","7월","2시",807
"2020","7월","3시",736
"2020","7월","4시",697
"2020","7월","5시",681
"2020","7월","6시",696
"2020","7월","7시",791
"2020","7월","8시",930
"2020","7월","9시",978
"2020","7월","10시",985
"2020","7월","11시",990
"2020","7월","12시",1000
"2020","7월","13시",1020
"2020","7월","14시",1012
"2020","7월","15시",997
"2020","7월","16시",1003
"2020","7월","17시",1038
"2020","7월","18시",1124
"2020","7월","19시",1237
"2020","7월","20시",1317
"2020","7월","21시",1357
"2020","7월","22시",1332
"2020","7월","23시",1240
"2020","7월","24시",1098
"2020","8월","1시",914
"2020","8월","2시",785
"2020","8월","3시",706
"2020","8월","4시",659
"2020","8월","5시",635
"2020","8월","6시",634
"2020","8월","7시",693
"2020","8월","8시",803
"2020","8월","9시",880
"2020","8월","10시",936
"2020","8월","11시",982
"2020","8월","12시",1028
"2020","8월","13시",1082
"2020","8월","14시",1094
"2020","8월","15시",1080
"2020","8월","16시",1080
"2020","8월","17시",1107
"2020","8월","18시",1178
"2020","8월","19시",1292
"2020","8월","20시",1384
"2020","8월","21시",1392
"2020","8월","22시",1340
"2020","8월","23시",1235
"2020","8월","24시",1079
"2020","9월","1시",924
"2020","9월","2시",806
"2020","9월","3시",738
"2020","9월","4시",702
"2020","9월","5시",690
"2020","9월","6시",708
"2020","9월","7시",790
"2020","9월","8시",923
"2020","9월","9시",977
"2020","9월","10시",993
"2020","9월","11시",999
"2020","9월","12시",1011
"2020","9월","13시",1033
"2020","9월","14시",1018
"2020","9월","15시",995
"2020","9월","16시",993
"2020","9월","17시",1024
"2020","9월","18시",1120
"2020","9월","19시",1277
"2020","9월","20시",1362
"2020","9월","21시",1348
"2020","9월","22시",1302
"2020","9월","23시",1203
"2020","9월","24시",1065
"2020","10월","1시",938
"2020","10월","2시",824
"2020","10월","3시",761
"2020","10월","4시",729
"2020","10월","5시",722
"2020","10월","6시",745
"2020","10월","7시",829
"2020","10월","8시",975
"2020","10월","9시",1014
"2020","10월","10시",997
"2020","10월","11시",978
"2020","10월","12시",972
"2020","10월","13시",977
"2020","10월","14시",957
"2020","10월","15시",934
"2020","10월","16시",936
"2020","10월","17시",979
"2020","10월","18시",1119
"2020","10월","19시",1310
"2020","10월","20시",1353
"2020","10월","21시",1344
"2020","10월","22시",1307
"2020","10월","23시",1216
"2020","10월","24시",1084
"2020","11월","1시",926
"2020","11월","2시",817
"2020","11월","3시",758
"2020","11월","4시",730
"2020","11월","5시",725
"2020","11월","6시",750
"2020","11월","7시",836
"2020","11월","8시",983
"2020","11월","9시",1021
"2020","11월","10시",992
"2020","11월","11시",968
"2020","11월","12시",959
"2020","11월","13시",965
"2020","11월","14시",946
"2020","11월","15시",926
"2020","11월","16시",934
"2020","11월","17시",994
"2020","11월","18시",1172
"2020","11월","19시",1323
"2020","11월","20시",1352
"2020","11월","21시",1341
"2020","11월","22시",1303
"2020","11월","23시",1208
"2020","11월","24시",1072
"2020","12월","1시",917
"2020","12월","2시",811
"2020","12월","3시",752
"2020","12월","4시",724
"2020","12월","5시",717
"2020","12월","6시",738
"2020","12월","7시",812
"2020","12월","8시",929
"2020","12월","9시",994
"2020","12월","10시",1004
"2020","12월","11시",998
"2020","12월","12시",996
"2020","12월","13시",1004
"2020","12월","14시",978
"2020","12월","15시",952
"2020","12월","16시",953
"2020","12월","17시",1009
"2020","12월","18시",1189
"2020","12월","19시",1327
"2020","12월","20시",1346
"2020","12월","21시",1324
"2020","12월","22시",1284
"2020","12월","23시",1185
"2020","12월","24시",1057
"2021","1월","1시",932
"2021","1월","2시",831
"2021","1월","3시",778
"2021","1월","4시",753
"2021","1월","5시",750
"2021","1월","6시",777
"2021","1월","7시",862
"2021","1월","8시",974
"2021","1월","9시",1013
"2021","1월","10시",994
"2021","1월","11시",975
"2021","1월","12시",975
"2021","1월","13시",982
"2021","1월","14시",952
"2021","1월","15시",926
"2021","1월","16시",922
"2021","1월","17시",980
"2021","1월","18시",1132
"2021","1월","19시",1294
"2021","1월","20시",1330
"2021","1월","21시",1316
"2021","1월","22시",1289
"2021","1월","23시",1194
"2021","1월","24시",1068
"2021","2월","1시",944
"2021","2월","2시",840
"2021","2월","3시",785
"2021","2월","4시",760
"2021","2월","5시",757
"2021","2월","6시",786
"2021","2월","7시",876
"2021","2월","8시",998
"2021","2월","9시",1024
"2021","2월","10시",995
"2021","2월","11시",969
"2021","2월","12시",963
"2021","2월","13시",970
"2021","2월","14시",938
"2021","2월","15시",911
"2021","2월","16시",909
"2021","2월","17시",950
"2021","2월","18시",1078
"2021","2월","19시",1270
"2021","2월","20시",1336
"2021","2월","21시",1330
"2021","2월","22시",1305
"2021","2월","23시",1216
"2021","2월","24시",1089
"2021","3월","1시",952
"2021","3월","2시",847
"2021","3월","3시",793
"2021","3월","4시",768
"2021","3월","5시",767
"2021","3월","6시",800
"2021","3월","7시",914
"2021","3월","8시",1069
"2021","3월","9시",1047
"2021","3월","10시",976
"2021","3월","11시",933
"2021","3월","12시",925
"2021","3월","13시",932
"2021","3월","14시",904
"2021","3월","15시",882
"2021","3월","16시",884
"2021","3월","17시",926
"2021","3월","18시",1048
"2021","3월","19시",1242
"2021","3월","20시",1359
"2021","3월","21시",1361
"2021","3월","22시",1331
"2021","3월","23시",1238
"2021","3월","24시",1103
"2021","4월","1시",952
"2021","4월","2시",847
"2021","4월","3시",792
"2021","4월","4시",765
"2021","4월","5시",764
"2021","4월","6시",798
"2021","4월","7시",917
"2021","4월","8시",1054
"2021","4월","9시",1036
"2021","4월","10시",967
"2021","4월","11시",929
"2021","4월","12시",925
"2021","4월","13시",938
"2021","4월","14시",913
"2021","4월","15시",892
"2021","4월","16시",896
"2021","4월","17시",937
"2021","4월","18시",1049
"2021","4월","19시",1219
"2021","4월","20시",1351
"2021","4월","21시",1368
"2021","4월","22시",1338
"2021","4월","23시",1245
"2021","4월","24시",1108
"2021","5월","1시",946
"2021","5월","2시",838
"2021","5월","3시",779
"2021","5월","4시",750
"2021","5월","5시",746
"2021","5월","6시",781
"2021","5월","7시",895
"2021","5월","8시",1033
"2021","5월","9시",1035
"2021","5월","10시",977
"2021","5월","11시",945
"2021","5월","12시",945
"2021","5월","13시",960
"2021","5월","14시",938
"2021","5월","15시",918
"2021","5월","16시",922
"2021","5월","17시",961
"2021","5월","18시",1061
"2021","5월","19시",1203
"2021","5월","20시",1318
"2021","5월","21시",1361
"2021","5월","22시",1335
"2021","5월","23시",1245
"2021","5월","24시",1109
"2021","6월","1시",943
"2021","6월","2시",829
"2021","6월","3시",765
"2021","6월","4시",731
"2021","6월","5시",721
"2021","6월","6시",754
"2021","6월","7시",860
"2021","6월","8시",997
"2021","6월","9시",1003
"2021","6월","10시",954
"2021","6월","11시",933
"2021","6월","12시",942
"2021","6월","13시",966
"2021","6월","14시",957
"2021","6월","15시",945
"2021","6월","16시",954
"2021","6월","17시",999
"2021","6월","18시",1096
"2021","6월","19시",1231
"2021","6월","20시",1329
"2021","6월","21시",1376
"2021","6월","22시",1351
"2021","6월","23시",1255
"2021","6월","24시",1110
"2021","7월","1시",917
"2021","7월","2시",793
"2021","7월","3시",719
"2021","7월","4시",675
"2021","7월","5시",652
"2021","7월","6시",659
"2021","7월","7시",732
"2021","7월","8시",846
"2021","7월","9시",892
"2021","7월","10시",902
"2021","7월","11시",923
"2021","7월","12시",965
"2021","7월","13시",1025
"2021","7월","14시",1035
"2021","7월","15시",1025
"2021","7월","16시",1034
"2021","7월","17시",1075
"2021","7월","18시",1169
"2021","7월","19시",1312
"2021","7월","20시",1410
"2021","7월","21시",1437
"2021","7월","22시",1396
"2021","7월","23시",1286
"2021","7월","24시",1120
"2021","8월","1시",928
"2021","8월","2시",811
"2021","8월","3시",739
"2021","8월","4시",697
"2021","8월","5시",677
"2021","8월","6시",684
"2021","8월","7시",757
"2021","8월","8시",869
"2021","8월","9시",914
"2021","8월","10시",928
"2021","8월","11시",947
"2021","8월","12시",985
"2021","8월","13시",1035
"2021","8월","14시",1033
"2021","8월","15시",1017
"2021","8월","16시",1023
"2021","8월","17시",1060
"2021","8월","18시",1150
"2021","8월","19시",1285
"2021","8월","20시",1383
"2021","8월","21시",1394
"2021","8월","22시",1347
"2021","8월","23시",1246
"2021","8월","24시",1092
"2021","9월","1시",931
"2021","9월","2시",821
"2021","9월","3시",759
"2021","9월","4시",726
"2021","9월","5시",718
"2021","9월","6시",746
"2021","9월","7시",852
"2021","9월","8시",1001
"2021","9월","9시",1007
"2021","9월","10시",959
"2021","9월","11시",937
"2021","9월","12시",945
"2021","9월","13시",968
"2021","9월","14시",958
"2021","9월","15시",946
"2021","9월","16시",957
"2021","9월","17시",1002
"2021","9월","18시",1111
"2021","9월","19시",1273
"2021","9월","20시",1371
"2021","9월","21시",1367
"2021","9월","22시",1326
"2021","9월","23시",1232
"2021","9월","24시",1086
"2021","10월","1시",940
"2021","10월","2시",832
"2021","10월","3시",774
"2021","10월","4시",745
"2021","10월","5시",741
"2021","10월","6시",773
"2021","10월","7시",877
"2021","10월","8시",1029
"2021","10월","9시",1019
"2021","10월","10시",956
"2021","10월","11시",924
"2021","10월","12시",923
"2021","10월","13시",937
"2021","10월","14시",921
"2021","10월","15시",907
"2021","10월","16시",918
"2021","10월","17시",971
"2021","10월","18시",1118
"2021","10월","19시",1312
"2021","10월","20시",1367
"2021","10월","21시",1361
"2021","10월","22시",1324
"2021","10월","23시",1233
"2021","10월","24시",1097
"2021","11월","1시",939
"2021","11월","2시",840
"2021","11월","3시",786
"2021","11월","4시",760
"2021","11월","5시",758
"2021","11월","6시",792
"2021","11월","7시",896
"2021","11월","8시",1049
"2021","11월","9시",1037
"2021","11월","10시",957
"2021","11월","11시",916
"2021","11월","12시",909
"2021","11월","13시",919
"2021","11월","14시",901
"2021","11월","15시",887
"2021","11월","16시",902
"2021","11월","17시",970
"2021","11월","18시",1152
"2021","11월","19시",1311
"2021","11월","20시",1353
"2021","11월","21시",1347
"2021","11월","22시",1312
"2021","11월","23시",1219
"2021","11월","24시",1086
"2021","12월","1시",936
"2021","12월","2시",838
"2021","12월","3시",785
"2021","12월","4시",760
"2021","12월","5시",758
"2021","12월","6시",789
"2021","12월","7시",886
"2021","12월","8시",1031
"2021","12월","9시",1041
"2021","12월","10시",974
"2021","12월","11시",933
"2021","12월","12시",924
"2021","12월","13시",931
"2021","12월","14시",913
"2021","12월","15시",899
"2021","12월","16시",913
"2021","12월","17시",983
"2021","12월","18시",1161
"2021","12월","19시",1301
"2021","12월","20시",1335
"2021","12월","21시",1328
"2021","12월","22시",1297
"2021","12월","23시",1206
"2021","12월","24시",1078
