stacking,weight,rf,lg,ann,lstm,real
0.0011046825812639908,-0.00031542155193164945,2.281761906336014e-06,0.0025146441798043046,-0.004394948482513428,-0.0002067461609840393,0.0
0.0009300063124577166,-0.0004929532296955585,2.281761906336014e-06,0.0025146441798043046,-0.004390060901641846,-0.00038721412420272827,0.0
0.0010346987109328574,-0.0003864609752781689,2.281761906336014e-06,0.0025146441798043046,-0.004383116960525513,-0.0002788826823234558,0.0
0.0008988260379437919,-0.0005245500942692161,2.281761906336014e-06,0.0025146441798043046,-0.004378795623779297,-0.00041925162076950073,0.0
0.0008765558150702113,-0.000547097297385335,2.281761906336014e-06,0.0025146441798043046,-0.004368454217910767,-0.0004420951008796692,0.0
0.0012792569607733089,-0.00013763939205091447,2.281761906336014e-06,0.0025146441798043046,-0.004360318183898926,-2.571195363998413e-05,0.0
0.0010352579884862492,-0.0003856590483337641,2.281761906336014e-06,0.0025146441798043046,-0.004357069730758667,-0.00027786195278167725,0.0
0.004230332606707804,0.002823786810040474,0.0044750038600384736,0.005809445345338538,-0.003966659307479858,0.0028694570064544678,0.0
0.1166463799447378,0.11783500760793686,0.09977997266591603,0.06759763178717229,0.1402570605278015,0.11791165173053741,0.14608307778087543
0.2941314081899144,0.29441505670547485,0.42183948450545244,0.37435892345260674,0.35849931836128235,0.29471665620803833,0.49558591208995456
0.516393793076496,0.5184098482131958,0.580763970951047,0.5573621614434225,0.6005900502204895,0.5240465402603149,0.7233528482483041
0.6758184283270291,0.6761022806167603,0.7459104879420559,0.7647983588821352,0.6672309041023254,0.6855885982513428,0.8648824458693432
0.7064259189869574,0.7076658010482788,0.7444849377683056,0.7538040318439565,0.6715015172958374,0.7171642780303955,0.9342997862652169
0.6383176255883417,0.6392407417297363,0.7095299223194909,0.7129823327371754,0.6585023403167725,0.647528350353241,0.8652541585354522
0.7774071101009777,0.7811571955680847,0.7444849377683056,0.7236212906807344,0.6859242916107178,0.7902151942253113,0.6551435740172846
0.6822145270702682,0.6857450008392334,0.631466213141423,0.6216681184932589,0.6356821060180664,0.6947083473205566,0.4193848155375895
0.4129004569910326,0.4130837321281433,0.3454540719777582,0.4233934796614647,0.5153318643569946,0.42487233877182007,0.2280457206579314
0.3074592725848753,0.30870896577835083,0.2869430556435954,0.27147218272159906,0.28407806158065796,0.31204381585121155,0.1442245144503299
0.14495992646526942,0.14742639660835266,0.12298373969538395,0.04866383442059447,0.094585120677948,0.14489009976387024,0.04664993959669177
0.002773715477010839,0.001415327307768166,0.0004964050438927625,0.001939509200753863,-0.004256159067153931,0.001485392451286316,0.0039959111606728
0.0014506045310774805,6.658612983301282e-05,0.0003096621753824778,0.001939509200753863,-0.004250288009643555,0.00012720376253128052,0.0
0.0022787459893566604,0.0009085414349101484,0.0003096621753824778,0.001939509200753863,-0.004242628812789917,0.0009833276271820068,0.0
0.0010864963146731091,-0.00030340682133100927,0.0003096621753824778,0.001939509200753863,-0.004232585430145264,-0.00024884939193725586,0.0
0.0021740656963701206,0.000779189052991569,0.00029837279030591455,0.0025146441798043046,-0.004218995571136475,0.0008868128061294556,0.0
0.001264409094097169,-1.161999080068199e-05,1.7416725550394843e-06,-3.4651985593328757e-05,5.131959915161133e-05,-1.3582408428192139e-05,0.0
0.0012228362927023627,-5.3107141866348684e-05,1.7416725550394843e-06,-3.4651985593328757e-05,0.0001378953456878662,-5.508214235305786e-05,0.0
0.0012296115743382697,-4.775391425937414e-05,1.7416725550394843e-06,-7.183524974830344e-05,-0.00019878149032592773,-5.449354648590088e-05,0.0
0.0011906258982854942,-8.707532106200233e-05,1.7416725550394843e-06,-3.4651985593328757e-05,1.3709068298339844e-06,-9.069591760635376e-05,0.0
0.0011687943983295615,-0.0001071766164386645,1.7416725550394843e-06,-3.4651985593328757e-05,0.00023493170738220215,-0.00010929256677627563,0.0
0.0011448061298804553,-0.0001315083063673228,1.7416725550394843e-06,-3.4651985593328757e-05,0.0002410411834716797,-0.0001339837908744812,0.0
0.0011302254373572428,-0.00014560899580828846,1.7416725550394843e-06,-3.4651985593328757e-05,0.0003216266632080078,-0.00014768540859222412,0.0
0.012844053363939479,0.011530153453350067,0.007070492125868416,0.013529140356596522,0.018981724977493286,0.012177199125289917,0.006597899823436484
0.15015014594137488,0.14840975403785706,0.11588248599656635,0.16355915199898027,0.14230722188949585,0.15356206893920898,0.15184462410556637
0.4285395469282272,0.4318212568759918,0.4131842929529247,0.3355742779819622,0.29086267948150635,0.4322049021720886,0.47653563795186316
0.6427584586457429,0.6462019681930542,0.6003067176253192,0.5686482906969089,0.5325481295585632,0.6527397036552429,0.6961248954558127
0.8257928601694586,0.8282040953636169,0.764413090097528,0.7744312171439466,0.628524661064148,0.8392052054405212,0.8449958182325062
0.8257809255619563,0.8313179612159729,0.7263910856344888,0.6791478665903472,0.6381791830062866,0.8394787311553955,0.8716662020258343
0.6712927538301536,0.6714096069335938,0.6904944165818668,0.7223834808553227,0.5915945768356323,0.6816009283065796,0.8950840999907073
0.8738850946480444,0.8768035173416138,0.7704477514177451,0.8081431506826745,0.7325783967971802,0.8910103440284729,0.8835610073413251
0.7668293329247364,0.7693353295326233,0.6814197943626159,0.7179256580052071,0.6816322803497314,0.7822505831718445,0.7931419013102872
0.6033755161008524,0.604927659034729,0.5574507082955256,0.5966756619789199,0.6144159436225891,0.6160851716995239,0.5859120899544652
0.37970829684423163,0.3809668719768524,0.33997132734744007,0.35191016668574004,0.3910599946975708,0.38739317655563354,0.29597621038936905
0.10586068531833269,0.10717679560184479,0.12433892789860958,0.07913297868154459,0.17114175856113434,0.10627717524766922,0.14264473561936625
0.0032376236923435933,0.0018126723589375615,0.0025347279019540987,0.006971857718774328,0.005305498838424683,0.0021194517612457275,0.014218009478672987
0.001538972612121443,6.232268060557544e-05,0.000336443107393283,0.006415539176474402,0.005098015069961548,0.0004595071077346802,0.0
0.0035411214553848895,0.0020986441522836685,0.0003170242181946336,0.006415539176474402,0.00524631142616272,0.002532482147216797,0.0
0.000495078099622606,-0.000997862545773387,0.0002931536629349327,0.006415539176474402,0.0053099095821380615,-0.0006137341260910034,0.0
0.0009369443917549062,-0.0005438811494968832,0.0003170242181946336,0.006415539176474402,0.005790442228317261,-0.00015003234148025513,0.0
0.0012366972899342282,-0.00017346352979075164,1.3443749857790132e-05,0.0017512163771737019,-0.006950467824935913,-0.0001285076141357422,0.0
0.001253501233889561,-9.47997032199055e-05,1.3443749857790132e-05,0.0001952639415128746,-0.006998419761657715,-0.0001409575343132019,0.0
0.0014861963364126453,0.00014312202984001487,1.3443749857790132e-05,0.00017909039133222587,-0.006918072700500488,0.00010062754154205322,0.0
0.001333884637861763,-1.2099630112061277e-05,1.6633360899419711e-06,0.00017909039133222587,-0.006934493780136108,-5.649775266647339e-05,0.0
0.001376050535615704,3.175084202666767e-05,1.6633360899419711e-06,0.0001952639415128746,-0.006752640008926392,-9.521842002868652e-06,0.0
0.001309833959614928,-3.550843393895775e-05,1.6633360899419711e-06,0.0001952639415128746,-0.006746351718902588,-7.7858567237854e-05,0.0
0.00018082890840116468,-0.0011811434524133801,1.6633360899419711e-06,0.0001952639415128746,-0.00651097297668457,-0.0012408345937728882,0.0
0.008844421145855513,0.007853619754314423,0.006864562839515854,0.006651693842606381,0.03231924772262573,0.008151784539222717,0.002880773162345507
0.1678573386988929,0.16825485229492188,0.130042394953106,0.1415445006280615,0.21869580447673798,0.1720457375049591,0.15286683393736641
0.3820919481189301,0.38395026326179504,0.48024234971856045,0.4466727739749186,0.5630438923835754,0.387544184923172,0.4653842579685903
0.6305866246370099,0.6325345635414124,0.6227254672817186,0.6462674478339646,0.6835566759109497,0.6430525183677673,0.6828361676424124
0.8176562935600263,0.8212222456932068,0.7182576080346457,0.7348402496847334,0.6990551352500916,0.833559513092041,0.8190688597713968
0.8388540784485851,0.8400492668151855,0.7613428431578276,0.841613043226144,0.7742743492126465,0.8565881252288818,0.8835610073413251
0.817423977593076,0.8233581781387329,0.6732351877983805,0.6609412372603689,0.7352621555328369,0.8348045349121094,0.8924821113279434
0.6645495704224843,0.6649481654167175,0.7430432338171187,0.7697051694523083,0.7291187047958374,0.6752270460128784,0.8563330545488338
0.5145519686141804,0.515668511390686,0.6449858428137912,0.6315260752409175,0.6906250715255737,0.521849513053894,0.7560635628659047
0.5303212434174978,0.5330395698547363,0.5121842364685866,0.5114497743579283,0.6015149354934692,0.5410255789756775,0.59529783477372
0.3007000927711641,0.3011815547943115,0.34446403285697846,0.33081749817930134,0.34686824679374695,0.3043593168258667,0.36260570578942475
0.14023635672669885,0.14197540283203125,0.13133915015996508,0.07705492175741684,0.12984713912010193,0.14071905612945557,0.13502462596412976
0.002757116403127388,0.000900760933291167,0.0007514030357638069,0.014578811545184745,-0.004150182008743286,0.0016929134726524353,0.0159836446426912
0.0018119714626782836,0.000451267056632787,0.0003081265733462563,0.0014793930762138797,-0.004360854625701904,0.0004903450608253479,0.0
0.001712910022618273,0.0003501676255837083,0.00027753191128253687,0.0014793930762138797,-0.004336744546890259,0.0003898888826370239,0.0
0.0012367859640816565,-0.00013156511704437435,0.00027753191128253687,0.0014955666263945283,-0.004008769989013672,-9.637326002120972e-05,0.0
0.0012657195025305588,-0.00010162107355426997,0.00027753191128253687,0.0014955666263945283,-0.003949582576751709,-6.546080112457275e-05,0.0
-0.00025258221442880425,-0.001540095079690218,3.417217148388114e-06,0.0016650142631099208,0.009136736392974854,-0.00139559805393219,0.0
-0.0003499581948283798,-0.0016391535755246878,3.417217148388114e-06,0.0016650142631099208,0.009129345417022705,-0.0014963746070861816,0.0
-0.00026321706617971454,-0.0015512073878198862,3.417217148388114e-06,0.0016650142631099208,0.009103149175643921,-0.0014071613550186157,0.0
-0.00020029078579188045,-0.0014874287880957127,3.417217148388114e-06,0.0016650142631099208,0.009081721305847168,-0.00134248286485672,0.0
-0.00034095101457018223,-0.0016305373283103108,3.417217148388114e-06,0.0016650142631099208,0.00906902551651001,-0.0014880895614624023,0.0
-0.0003006311384141738,-0.0015896803233772516,3.417217148388114e-06,0.0016650142631099208,0.0090542733669281,-0.0014466643333435059,0.0
-0.0006791712269518225,-0.0019746385514736176,3.417217148388114e-06,0.0016650142631099208,0.009039163589477539,-0.001838192343711853,0.0
0.00847762800414814,0.006885519716888666,0.008932468110729489,0.017163690761875048,0.008043527603149414,0.007452845573425293,0.008549391320509246
0.1336961582700427,0.13509736955165863,0.12795687006232792,0.08654490956362278,0.15399475395679474,0.1347149908542633,0.1533314747700028
0.3910617100517546,0.39319899678230286,0.44054662925477395,0.39653342184749085,0.4428451657295227,0.39581984281539917,0.4730972957903541
0.5766159589398795,0.5772563815116882,0.6102204159171458,0.6427918165022968,0.6499699354171753,0.5872553586959839,0.684694730972958
0.6330036168214577,0.6311583518981934,0.7617039392812966,0.8184747762525729,0.7125314474105835,0.6423158645629883,0.8151658767772512
0.8274072861614691,0.8302528858184814,0.7617039392812966,0.7897621262937423,0.748236894607544,0.8433293104171753,0.8803085215128705
0.7921691794209967,0.7946614623069763,0.7115096694904185,0.7440141511552809,0.6822574138641357,0.8074375987052917,0.8864417805036707
0.8385542600884303,0.8413060307502747,0.7693154449440804,0.8016931087507959,0.753253161907196,0.8547788858413696,0.838119133909488
0.7295792779923184,0.7313249111175537,0.6657040444480131,0.7079488805608173,0.6563557386398315,0.7439166903495789,0.7517888672056501
0.6037081644090634,0.6051767468452454,0.543548677758699,0.5869360685432815,0.5920799970626831,0.6165618300437927,0.59734225443732
0.3489836177702976,0.34815430641174316,0.33920295757754515,0.3837910359356015,0.3584662675857544,0.3557139039039612,0.3763590744354614
0.10541730039334146,0.10480804741382599,0.12311863529952609,0.118788899797666,0.13617882132530212,0.1060248538851738,0.13902053712480253
-0.0003331268157480277,-0.002216736087575555,0.003844187139859853,0.01843894863597935,0.00882294774055481,-0.001363225281238556,0.014682650311309359
0.0001454270536847416,-0.0014620184665545821,0.0006265083678520567,0.010095275372996319,0.00880405306816101,-0.0008638128638267517,0.0
-0.00013636930875047127,-0.0017490925965830684,0.0006022171396410611,0.010095275372996319,0.008791059255599976,-0.001154094934463501,0.0
9.979111230147488e-05,-0.0012399941915646195,0.0002746235235052198,0.0031759593825096935,0.008767306804656982,-0.001023024320602417,0.0
-0.00013531471788529883,-0.0014618176501244307,0.0002746235235052198,0.002737373314971514,0.008734405040740967,-0.0012747719883918762,0.0
0.0013159806069377336,7.615842332597822e-05,0.00019997992298397647,0.0015161050402887752,0.0104542076587677,0.00023552030324935913,0.0
0.0012803948717690368,3.68371547665447e-05,1.5211840074764315e-05,0.0015161050402887752,0.010514259338378906,0.00020898133516311646,0.0
0.0013001935806504414,5.694203719031066e-05,1.5211840074764315e-05,0.0015161050402887752,0.01051175594329834,0.00022940337657928467,0.0
0.0013018376613638312,5.8800753322429955e-05,1.544787101154981e-05,0.0015161050402887752,0.010532140731811523,0.00023143738508224487,0.0
0.0013556858644821043,0.00011372161679901183,1.544787101154981e-05,0.0015161050402887752,0.01055210828781128,0.00028743594884872437,0.0
0.0012863709820079639,4.346905916463584e-05,1.544787101154981e-05,0.0015161050402887752,0.010575860738754272,0.00021619349718093872,0.0
0.0009735970682236024,-0.0002744249068200588,1.02209836829372e-05,0.0015161050402887752,0.010595440864562988,-0.00010650604963302612,0.0
0.00824469018296509,0.006847003009170294,0.010624476031196525,0.014473042125144022,0.014442265033721924,0.007186196744441986,0.013195799646872968
0.14335155107405556,0.14590948820114136,0.12843677205290097,0.07077427632706973,0.19399712979793549,0.14505697786808014,0.18130285289471237
0.5407387212652086,0.5445455312728882,0.47156613747261356,0.42208706569566923,0.39656350016593933,0.5486722588539124,0.48898801226651806
0.6451146269887199,0.6468033194541931,0.6186364491625208,0.6671707420058394,0.729796290397644,0.6594486832618713,0.695846110956231
0.808185505360858,0.8113841414451599,0.7655891436986911,0.784420862344608,0.7908490896224976,0.8238916993141174,0.800483226465942
0.8563208672095806,0.8597400188446045,0.7720744761172366,0.8052310529783085,0.8044337034225464,0.8739410042762756,0.7576433416968684
0.8879074680126453,0.891930878162384,0.7720744761172366,0.8056301449246049,0.815138578414917,0.9067792892456055,0.6717777158256667
0.7956893886446035,0.7975761890411377,0.7681186192795169,0.8099255008900808,0.7754096984863281,0.8110620975494385,0.5868413716197379
0.6989489374391464,0.7005679607391357,0.6795415257805967,0.7203624547389019,0.7233982086181641,0.7129361629486084,0.4921475699284453
0.5694270067094576,0.5704744458198547,0.5261397192359947,0.5762128311779052,0.5996133089065552,0.5819248557090759,0.41250813121457114
0.3574754497007443,0.35824400186538696,0.3399981852155994,0.36148510380014726,0.42008328437805176,0.3650829493999481,0.25536660161695013
0.12086540809204077,0.12065988034009933,0.12397950027287262,0.12191077382708664,0.16459406912326813,0.12249062210321426,0.10184927051389275
0.0018803781948811605,0.0005227237707003951,0.00423572717186132,0.00679598324052678,0.010764539241790771,0.0007211416959762573,0.01449679397825481
0.0017423719994686664,0.0003199150669388473,0.001090957102044941,0.00679598324052678,0.010783672332763672,0.0007357969880104065,0.0
0.0025518192354663655,0.0011347573017701507,0.0006779557233080043,0.00679598324052678,0.010805130004882812,0.0015934482216835022,0.0
0.0027013861811234414,0.001425619120709598,0.0011575278185287227,0.003566041271318321,0.010864049196243286,0.0016648992896080017,0.0
0.0019187863391448151,0.0006348630413413048,0.0013944832642141059,0.003566041271318321,0.010876327753067017,0.0008443593978881836,0.0
0.0020844403636636967,0.0023326207883656025,0.00018516468304681204,-0.040005489169009686,-0.009552747011184692,-8.34241509437561e-05,0.0
0.001990792750188486,0.002236076630651951,8.430182067545764e-05,-0.040005489169009686,-0.009478151798248291,-0.00017391890287399292,0.0
0.0013559845159397434,0.0004053177253808826,0.000921693608138988,-0.009825251539685302,-0.009401053190231323,-0.0003079846501350403,0.0
0.0016360416188737,0.0007602153345942497,0.00441232103600502,-0.009825251539685302,-0.009332418441772461,-0.00019158422946929932,0.0
0.001546241347637272,0.0006398985860869288,0.002905078221230165,-0.009825251539685302,-0.009218871593475342,-0.00020723789930343628,0.0
0.0017154353168155013,0.0008755110902711749,0.006051405426983544,-0.009825251539685302,-0.009118884801864624,-0.00018770992755889893,0.0
0.0014057866859136271,0.0002633138792589307,0.0031712704849133676,-0.003792054773496919,-0.009069204330444336,-0.00025069713592529297,0.0
0.010682751752045522,0.011151138693094254,0.08055694236229068,-0.000877672577280089,-0.005660831928253174,0.005587652325630188,0.010407954651054735
0.2206284486718294,0.22042986750602722,0.13197890572319879,0.16795205040441666,0.1675606071949005,0.226118266582489,0.15574760709971192
0.5283852628173465,0.5304350256919861,0.560847698245122,0.5289178899911738,0.49991512298583984,0.5351943969726562,0.4362977418455534
0.6512316039082638,0.6519376039505005,0.6223564043053437,0.6894509267289406,0.6996080875396729,0.6654880046844482,0.6335842393829569
0.8026100579551085,0.8031257390975952,0.7597050323341987,0.8419060286378178,0.7705262899398804,0.8191486597061157,0.7495585912089955
0.8458447852117021,0.847662627696991,0.7597050323341987,0.8305395621047009,0.7852047681808472,0.8638750314712524,0.8335656537496517
0.8530285517686773,0.8556130528450012,0.7597050323341987,0.8079674226068873,0.7570686340332031,0.8704015016555786,0.8538239940525973
0.731725377141389,0.7332075834274292,0.7597050323341987,0.78015035776179,0.7350105047225952,0.744125247001648,0.8194405724375058
0.6583482226938052,0.6599569320678711,0.6803587078763721,0.703413531103218,0.7202523946762085,0.6705597639083862,0.726698262243286
0.5013834501952628,0.5020456910133362,0.5383726247556349,0.5568386421803123,0.5692710876464844,0.5101054310798645,0.5736455719728649
0.3013112141066704,0.30184406042099,0.3478243021568143,0.35156229430408614,0.4362748861312866,0.3067293167114258,0.36241984945637024
0.10514767254224541,0.10604629665613174,0.12900355409507383,0.08092835942191415,0.12347295880317688,0.10453072935342789,0.1363256202955116
0.006235214138115835,0.0063041746616363525,0.002641516021938031,-0.03222997188497298,-0.008123010396957397,0.004253573715686798,0.016448285475327572
0.0017905546435220158,0.0018251303117722273,0.0003941743885343298,-0.03432351962572157,-0.00803983211517334,-0.0002660006284713745,0.0
0.001498692844937746,3.209273563697934e-05,0.00039983795064079487,0.0032639374828914635,-0.007865935564041138,0.00013565272092819214,0.0
0.001480553274517568,1.1971700587309897e-05,0.0002734321828666704,0.0032639374828914635,-0.007772266864776611,0.00012480467557907104,0.0
0.0012694483492094702,-0.00020302609482314438,0.0002734321828666704,0.0032639374828914635,-0.007815688848495483,-9.413808584213257e-05,0.0
0.0007689028940030835,-0.00054787693079561,3.308392727272857e-06,0.001258882593953311,0.0021713972091674805,-0.00046569108963012695,0.0
0.0007418034882989658,-0.0005788170383311808,3.308392727272857e-06,0.0014831732117619385,0.0027906298637390137,-0.0004789978265762329,0.0
0.0007414092943922915,-0.0005366418045014143,3.308392727272857e-06,0.0004649566925207429,0.003013432025909424,-0.0004945993423461914,0.0
0.0007418723071553098,-0.0005303428624756634,3.308392727272857e-06,0.0004649566925207429,0.003663957118988037,-0.0004830658435821533,0.0
0.0007198528945831896,-0.0005875478382222354,3.308392727272857e-06,0.0014831732117619385,0.004306823015213013,-0.00047592073678970337,0.0
0.0007550758167738845,-0.0004842807538807392,3.308392727272857e-06,-9.70420207409531e-05,0.004807084798812866,-0.00046046823263168335,0.0
0.0008443838451517426,-0.00038958541699685156,3.308392727272857e-06,-9.70420207409531e-05,0.00524294376373291,-0.00036074966192245483,0.0
0.016700926716089675,0.015677694231271744,0.0052323570893189775,0.00770346797086522,0.02245470881462097,0.016205966472625732,0.001951491497072763
0.14522791940532365,0.14703704416751862,0.07795098192028843,0.057188575104386984,0.15882804989814758,0.148665651679039,0.07071833472725583
0.20115659877103237,0.19844897091388702,0.42506572334147824,0.4244869042539187,0.4126744866371155,0.2003089189529419,0.2627079267726048
0.7326288952611961,0.7349947690963745,0.6264149024818425,0.6738000562576537,0.6554346084594727,0.7483778595924377,0.5181674565560822
0.781422750723351,0.7834451794624329,0.75658261793908,0.7821550831850522,0.7191097140312195,0.795417070388794,0.5834030294582288
0.8689538457230976,0.8718876838684082,0.7586024303599966,0.8048688218974772,0.7552224397659302,0.8868283033370972,0.7886813493169781
0.8013176773894606,0.8029592037200928,0.7586024303599966,0.8048688218974772,0.7362846732139587,0.8165955543518066,0.8526159278877431
0.8439703941827068,0.8468173146247864,0.7586024303599966,0.7899778208925421,0.7255629897117615,0.8602229952812195,0.8571694080475792
0.7155685760200812,0.7174805998802185,0.6833145892917138,0.7155520948243523,0.695514976978302,0.7293629050254822,0.7721401356751232
0.5431216491721432,0.5421570539474487,0.5574730859032548,0.6218815763263715,0.557211697101593,0.5533014535903931,0.6159278877427748
0.3471678683854137,0.34829530119895935,0.35095982209794613,0.3447586075317328,0.38044482469558716,0.352896124124527,0.38277111792584334
0.1418588240014619,0.1447974145412445,0.1322165915755389,0.06536947710526468,0.2067970186471939,0.14344213902950287,0.14199423845367531
0.0011549685560145204,-6.650356226600707e-05,0.0038688007719663575,0.0028307110245327687,0.010486066341400146,-8.899718523025513e-05,0.014589722144782083
0.002443919623867078,0.0011991271749138832,0.0012929308239212124,0.0028307110245327687,0.011226058006286621,0.0013844594359397888,0.0
0.0015168610381669978,0.00025141003425233066,0.0006941209320486217,0.0028307110245327687,0.011969894170761108,0.00046875327825546265,0.0
0.002740651673799428,0.0028345645405352116,0.0008769175304164854,-0.03055991661713249,0.012490630149841309,0.0011110007762908936,0.0
0.0007916802154168818,-0.0004853809950873256,0.0005265389232249359,0.0028307110245327687,0.012390285730361938,-0.0002653077244758606,0.0
0.0018166603321419258,0.0001573751214891672,0.00015341372766237933,0.008758421750534736,-0.004972279071807861,0.0006282106041908264,0.0
0.001741679092172132,8.478385279886425e-05,0.00015341372766237933,0.008758421750534736,-0.004566609859466553,0.0005576014518737793,0.0
0.0018241231782288596,0.00017229747027158737,6.362820738668277e-05,0.008758421750534736,-0.003953754901885986,0.0006577149033546448,0.0
0.0019396299569641353,0.0005804455722682178,2.3384800558887267e-05,0.0015769221780644411,-0.003360360860824585,0.0006553307175636292,0.0
0.0019388110067834992,0.0005835747579112649,9.02683116251061e-06,0.0015769221780644411,-0.0028862357139587402,0.0006632581353187561,0.0
0.0019339782239501339,0.0005827683489769697,9.02683116251061e-06,0.0015769221780644411,-0.0024278759956359863,0.0006660521030426025,0.0
0.001923902132066028,0.0005766111426055431,4.302429531655765e-06,0.0015769221780644411,-0.0019612908363342285,0.0006638020277023315,0.0
0.009188704599149911,0.007879272103309631,0.013258626721337475,0.012847967167580252,0.009454786777496338,0.007915422320365906,0.00715546882260013
0.1271703864490371,0.12555767595767975,0.13273400449788092,0.16416498683841796,0.1643330305814743,0.129353865981102,0.17340395873989412
0.3776537130599596,0.37625405192375183,0.382771108329063,0.4286517620897113,0.34431779384613037,0.3837692439556122,0.47532757178700863
0.7351956791835013,0.7400359511375427,0.5615197831090887,0.5579406151541272,0.5558599829673767,0.750418484210968,0.6790261128147943
0.810069782470563,0.8130379915237427,0.7038151422092561,0.7321313246645967,0.6664722561836243,0.8258345723152161,0.8005761546324692
0.8286078169940645,0.8312450647354126,0.7103099376420893,0.7750087593900506,0.7714773416519165,0.8472555875778198,0.8607006783756157
0.7578935827428928,0.7606977224349976,0.7358548490851099,0.7526338719827341,0.764744758605957,0.7723564505577087,0.8725025555245796
0.6604974257916306,0.6628645062446594,0.7358548490851099,0.7169131204388832,0.7374954223632812,0.6705557107925415,0.8325434439178516
0.6376844948959695,0.6414247155189514,0.640375237795236,0.612218096089207,0.6797308921813965,0.6488083600997925,0.7463990335470683
0.332140149818311,0.3311613202095032,0.5028469513005949,0.5079860560783507,0.5613646507263184,0.33589842915534973,0.5982715361025926
0.2525219199103711,0.2525133490562439,0.341700985592825,0.317321222487583,0.3275379538536072,0.2541186511516571,0.37477929560449774
0.08618109952244199,0.08789979666471481,0.12342415045130385,0.05328966702395068,0.13961036503314972,0.08496380597352982,0.13744075829383887
0.008211288902802902,0.006959707476198673,0.0007210454703847615,0.003146263686024427,0.002459973096847534,0.007231257855892181,0.015519003810054827
0.0022821028506105215,0.0009273758623749018,0.00032475719278092995,0.003146263686024427,0.002813100814819336,0.0011284425854682922,0.0
0.0021428183765675865,0.0007841320475563407,0.0002749361299876328,0.003146263686024427,0.0027400553226470947,0.0009857192635536194,0.0
0.0018899618456311375,0.0005270992405712605,0.0002749361299876328,0.003146263686024427,0.0027423501014709473,0.000724397599697113,0.0
0.0011580732298183535,-0.0002173171960748732,0.0002749361299876328,0.003146263686024427,0.002699911594390869,-3.282725811004639e-05,0.0
0.0027899779600529945,0.001457293750718236,7.22572054742532e-06,0.0011845354253641818,-0.003687351942062378,0.0015222132205963135,0.0
0.0027843762111671297,0.0014507707674056292,7.22572054742532e-06,0.0011845354253641818,-0.003779798746109009,0.0015148520469665527,0.0
0.0027964471036216725,0.0014622225426137447,7.22572054742532e-06,0.0011845354253641818,-0.0038712620735168457,0.001525774598121643,0.0
0.0027837229908442536,0.0014484790153801441,7.22572054742532e-06,0.0011845354253641818,-0.003961473703384399,0.0015110895037651062,0.0
0.002812344067457179,0.0014768026303499937,7.22572054742532e-06,0.0011845354253641818,-0.004047691822052002,0.0015392079949378967,0.0
0.0027981667503456788,0.0014616509433835745,7.22572054742532e-06,0.0011845354253641818,-0.004130184650421143,0.0015231519937515259,0.0
0.002773610262769661,0.0014355507446452975,7.22572054742532e-06,0.0011845354253641818,-0.004256993532180786,0.0014956146478652954,0.0
0.0264168554035046,0.025331366807222366,0.013198074218247449,0.010710046660773999,-0.006841003894805908,0.025409236550331116,0.013939224979091162
0.09497104085470749,0.09634145349264145,0.1029768171248653,0.05870045047521137,0.15401244163513184,0.09541565179824829,0.1688504785800576
0.5083993949059428,0.5146412253379822,0.43233917947304157,0.32524842469533516,0.3847624659538269,0.5151976943016052,0.43908558684137167
0.6963236971580186,0.6990221738815308,0.5400890197859803,0.5515410634909729,0.408025860786438,0.708677351474762,0.628844902890066
0.5630598463485419,0.5632868409156799,0.7328357322644833,0.6914615857087792,0.5726437568664551,0.5667158961296082,0.7590372641947775
0.6533102425287066,0.6559350490570068,0.7360521036802976,0.6911021216452692,0.6643222570419312,0.661392331123352,0.8346807917479789
0.6651953035162492,0.6673267483711243,0.7360521036802976,0.7111413188585792,0.6763825416564941,0.6742556095123291,0.8596784685438157
0.7472477124335524,0.7501696944236755,0.738056694681822,0.7268179502133896,0.6778857707977295,0.7592853307723999,0.8116346064492148
0.6930610143193557,0.6971222758293152,0.6492956683307131,0.6155910974146903,0.6081351637840271,0.7044482231140137,0.7148963850943221
0.5226485265115848,0.5254469513893127,0.5268689533346607,0.4921590500998807,0.5061907172203064,0.5303822755813599,0.5832171731251743
0.31749150465361714,0.3178422451019287,0.31567473046293903,0.330602981885479,0.3642655313014984,0.3234441876411438,0.36883189294675217
0.156346899057333,0.15819673240184784,0.13513639252619755,0.08745764746498785,0.1501927524805069,0.15772154927253723,0.13539633863023884
0.0036698086189264037,0.0017721432959660888,0.004048071615327941,0.017450941930091297,-0.005010098218917847,0.002510666847229004,0.015611931976582104
0.007110584387759625,0.005811259150505066,0.00034082178718957036,0.001984139863706445,-0.0051534175872802734,0.005961470305919647,0.0
0.0030153397681824904,0.0016551823355257511,0.0003108368304470465,0.0017761218742067153,-0.005215197801589966,0.0017250627279281616,0.0
0.0038507142329428402,0.002504067262634635,0.00028761811163566204,0.0017761218742067153,-0.005203157663345337,0.002589896321296692,0.0
0.0030789363144724993,0.0017187162302434444,0.0002384048823454208,0.0017761218742067153,-0.005178868770599365,0.0017950311303138733,0.0
0.0004157387613172636,-0.0009779756655916572,2.1159186580205063e-06,0.0022637777236408263,-0.0012887120246887207,-0.0008707419037818909,0.0
0.00040882369836958525,-0.0009460398578085005,2.1159186580205063e-06,0.001259061159069721,-0.0014088153839111328,-0.0008986592292785645,0.0
0.00044335444276214755,-0.0009121556649915874,2.1159186580205063e-06,0.001259061159069721,-0.001544952392578125,-0.0008652806282043457,0.0
0.0004165180853340594,-0.0009583180071786046,2.1159186580205063e-06,0.0016892247311905309,-0.001738816499710083,-0.0008882954716682434,0.0
0.0004675864995137693,-0.0008669772651046515,2.1159186580205063e-06,0.000684508166619426,-0.0018076896667480469,-0.0008554086089134216,0.0
0.0004510714377298446,-0.0008848891593515873,2.1159186580205063e-06,0.000684508166619426,-0.0019330084323883057,-0.0008746087551116943,0.0
0.0004737086645003214,-0.0008629309595562518,2.1159186580205063e-06,0.000684508166619426,-0.002050727605819702,-0.0008532106876373291,0.0
0.017224294453352534,0.015823842957615852,0.01293954777012396,0.01496871380318394,-0.005447089672088623,0.016023486852645874,0.016912926307963944
0.09045942326373525,0.09139390289783478,0.08380735880394286,0.055217828446555636,0.14087018370628357,0.09142092615365982,0.17925843323111235
0.2976268635954564,0.2978684902191162,0.4121156458705306,0.36586073860936386,0.33116579055786133,0.2981921434402466,0.45256017098782647
0.6009557179215999,0.6066796183586121,0.5988679142369164,0.5029417864202795,0.5754268765449524,0.609106719493866,0.6723352848248304
0.6412385279394573,0.6437029242515564,0.6848964241920952,0.6596702952813812,0.6427794098854065,0.650516152381897,0.7877520676517054
0.745509378321715,0.7488008737564087,0.6886960148315181,0.6876314428061857,0.6578526496887207,0.7588815689086914,0.8488058730601246
0.7350649940371646,0.7382909059524536,0.725862633907024,0.700839885275679,0.6459453105926514,0.7462745308876038,0.8072669826224329
0.7686953874190662,0.77259361743927,0.7296622245464468,0.701600621440758,0.6536147594451904,0.7809908390045166,0.7819905213270142
0.6552774119967274,0.6590668559074402,0.6350418418946342,0.5947335797410118,0.5867190957069397,0.6653526425361633,0.7440758293838864
0.48813695341812435,0.48879295587539673,0.4994205232025296,0.5082654920496601,0.4637090563774109,0.4956584572792053,0.5795929746306107
0.27247332753369263,0.27250322699546814,0.33909052848896687,0.3197692575007873,0.3115667402744293,0.27464559674263,0.3503391878078246
0.10820289283961147,0.10770461708307266,0.12524729057966053,0.11825593196553899,0.13629840314388275,0.10878997296094894,0.12080661648545675
0.0011169987375513164,-0.00023603520821779966,0.0007386574147597361,0.0014900386459040143,-0.0031277239322662354,-0.00022833794355392456,0.016912926307963944
0.0010212918087213086,-0.00033265678212046623,0.0003456435587464657,0.001259061159069721,-0.003205597400665283,-0.0003132745623588562,0.0
0.000568058658501136,-0.0007949407445266843,0.0002742255498996781,0.001259061159069721,-0.0032172799110412598,-0.0007783845067024231,0.0
0.000667385491277779,-0.0006937995203770697,0.0002742255498996781,0.001259061159069721,-0.003198772668838501,-0.0006754025816917419,0.0
0.0006299699826706836,-0.0007089095888659358,0.0002742255498996781,0.000684508166619426,-0.0031956136226654053,-0.0007247328758239746,0.0
0.001327748450429779,-5.5371445341734216e-05,6.9618390879226035e-06,0.0015691020416757396,-0.004896640777587891,-2.562999725341797e-06,0.0
0.001285936393242885,-9.658648923505098e-05,6.9618390879226035e-06,0.0015691020416757396,-0.004752546548843384,-4.3332576751708984e-05,0.0
0.0013114002373754135,-6.875030521769077e-05,6.9618390879226035e-06,0.0015691020416757396,-0.004534929990768433,-1.3314187526702881e-05,0.0
0.0012940002106370022,-0.00011739506589947268,6.9618390879226035e-06,0.0023534774815231344,-0.00450095534324646,-1.6100704669952393e-05,0.0
0.001309672150212947,-6.752672197762877e-05,6.9618390879226035e-06,0.0015691020416757396,-0.0042022764682769775,-9.447336196899414e-06,0.0
0.0012899237795768184,-0.00011849284783238545,6.9618390879226035e-06,0.0023534774815231344,-0.004160940647125244,-1.4536082744598389e-05,0.0
0.0013058100273098017,-6.828381447121501e-05,6.9618390879226035e-06,0.0015691020416757396,-0.003848552703857422,-7.428228855133057e-06,0.0
0.017485677267908815,0.015967976301908493,0.003395840964298598,0.014908154696807669,0.001945197582244873,0.016894549131393433,0.006690827989963758
0.08506563085834505,0.08537199348211288,0.08480428983023737,0.06499575290556629,0.12203177809715271,0.08565809577703476,0.06402750673729209
0.20330026670935483,0.20529505610466003,0.21915356991715515,0.17213710902340942,0.26914799213409424,0.2056601643562317,0.1944057243750581
0.20436189766898938,0.2056494504213333,0.24345353604337835,0.21575664990633653,0.3282136917114258,0.2073613703250885,0.10621689434067466
0.18637209732230198,0.18547645211219788,0.28067073436170753,0.2839431506795098,0.3383755683898926,0.18835249543190002,0.1282408698076387
0.19724585012973672,0.19669093191623688,0.3209172967193823,0.30109140771987764,0.343003511428833,0.19798126816749573,0.17526252207043955
0.6881972396940281,0.6949441432952881,0.49172178611375456,0.4476071945283033,0.5202281475067139,0.7026612758636475,0.2572251649474956
0.4347451778805428,0.4366166591644287,0.5303391661671006,0.48995345839487164,0.5480391383171082,0.4400193691253662,0.5103614905677911
0.5002636578168654,0.5052104592323303,0.522462898989146,0.4209918464210547,0.48067575693130493,0.5057042837142944,0.7106216894340674
0.30411019120931587,0.3058585524559021,0.44834577791590186,0.36453411424452087,0.4008236527442932,0.3042440414428711,0.5643527553201376
0.17137529598224718,0.17020036280155182,0.26243414408784715,0.24753030306830906,0.21358217298984528,0.1709621548652649,0.34281200631911535
0.04545544745929892,0.044956326484680176,0.06458718024387347,0.0551440642758295,0.10666254162788391,0.0452800877392292,0.11058451816745657
0.0014484647313768345,6.737035437254235e-05,0.0006105171333356727,0.002597463303502244,-0.001662522554397583,0.00016621500253677368,0.015519003810054827
0.001367934814436557,-5.258865712676197e-05,0.00025729184211963714,0.0033818387433496386,-0.001639246940612793,0.00011562556028366089,0.0
0.001437122360650065,4.958650970365852e-05,0.0002372015110184261,0.002597463303502244,-0.0015299320220947266,0.00017537921667099,0.0
0.00137719921408994,-1.1852687748614699e-05,0.0002372015110184261,0.002597463303502244,-0.0015881359577178955,0.00011245161294937134,0.0
0.0013462160154289354,-7.540428487118334e-05,0.0002372015110184261,0.0033818387433496386,-0.0016767382621765137,9.354203939437866e-05,0.0
0.0034057624933882535,0.0020242242608219385,7.5919105128441235e-06,0.0015142829290190286,-0.008814960718154907,0.0020776987075805664,0.0
0.003367004958190555,0.001989006530493498,7.5919105128441235e-06,0.0015142829290190286,-0.008348077535629272,0.002045571804046631,0.0
0.005421849404314875,0.004080457612872124,7.5919105128441235e-06,0.0015142829290190286,-0.008068889379501343,0.004174269735813141,0.0
0.0033972673725989754,0.0020247309003025293,7.5919105128441235e-06,0.0015142829290190286,-0.007794499397277832,0.002086259424686432,0.0
0.0033780485850350896,0.0019738459959626198,7.5919105128441235e-06,0.0023546305358355876,-0.007555216550827026,0.0020861253142356873,0.0
0.003429522147803036,0.002028754446655512,7.5919105128441235e-06,0.0023546305358355876,-0.007267177104949951,0.0021442249417304993,0.0
0.0044963033832829714,0.0031513916328549385,7.5919105128441235e-06,0.0015142829290190286,-0.006747186183929443,0.003240056335926056,0.0
0.017361338761674918,0.01618370972573757,0.005782858576546812,0.0075329706253406455,0.002015024423599243,0.016510583460330963,0.01700585447449122
0.070462565756835,0.07008981704711914,0.08692639678841,0.07694497565441269,0.12171772122383118,0.07067537307739258,0.17609887556918502
0.24478907244427991,0.2449215203523636,0.30802727097428084,0.28155660857943077,0.2734279930591583,0.2462204098701477,0.3809125545952978
0.5398609642257762,0.5412312746047974,0.5171791244148669,0.5188794522412764,0.45531731843948364,0.5482908487319946,0.6378589350432117
0.4046265352808889,0.40333354473114014,0.5965588565316825,0.5893961177121441,0.545660674571991,0.40739554166793823,0.759594833193941
0.5254315191261494,0.5254048109054565,0.6060691470481231,0.6157308770110356,0.5591870546340942,0.5325095057487488,0.8385837747421243
0.8038463034923186,0.8069425821304321,0.7379407333525262,0.7372628879382628,0.6392040848731995,0.8173305988311768,0.8471331660626336
0.7758983157772249,0.7795864343643188,0.7349483592971774,0.7097899637126486,0.641487717628479,0.7881187200546265,0.8040144967939784
0.6958918333388089,0.7006589770317078,0.6330207288974184,0.5875678349818867,0.5932273864746094,0.7074109315872192,0.7089489824365764
0.4961300480997556,0.49880218505859375,0.5054442376901124,0.46132131558915135,0.4517100751399994,0.5025407075881958,0.5562680048322647
0.2799459963993131,0.2809084951877594,0.31230974777831677,0.27837595463560444,0.2772664427757263,0.28235191106796265,0.3487594089768609
0.05398142068109971,0.0536436066031456,0.08160232708821173,0.06723591132891549,0.12480524182319641,0.05377717688679695,0.13130749930303875
0.004817338390775942,0.003512277267873287,0.0004962388065744448,0.0015142829290190286,-0.003981113433837891,0.003594502806663513,0.016819998141436667
0.003434321024939183,0.0021050027571618557,0.00028102642661366543,0.0015142829290190286,-0.0036476552486419678,0.0021813809871673584,0.0
0.0034417472387958657,0.002111968584358692,0.0002486404989252485,0.0015142829290190286,-0.0036407411098480225,0.002190791070461273,0.0
0.003292392341756261,0.001961550209671259,0.0002486404989252485,0.0015142829290190286,-0.0034827888011932373,0.002039097249507904,0.0
0.0032441464252533853,0.0019126614788547158,0.0002486404989252485,0.0015142829290190286,-0.0034651458263397217,0.00198952853679657,0.0
2.0307579172401235e-06,-0.001317777088843286,4.138594321948948e-06,0.0007483489438579579,0.0009812414646148682,-0.0012881383299827576,0.0
-1.7907040601823068e-05,-0.0013364666374400258,4.138594321948948e-06,0.0007483489438579579,0.0011574923992156982,-0.0013057515025138855,0.0
-9.796605871788136e-06,-0.0013267610920593143,4.138594321948948e-06,0.0007483489438579579,0.0013205111026763916,-0.0012945979833602905,0.0
-6.065595011588371e-06,-0.0013216508086770773,4.138594321948948e-06,0.0007483489438579579,0.0014675557613372803,-0.0012882426381111145,0.0
-2.7957547170697535e-05,-0.0013425779761746526,4.138594321948948e-06,0.0007483489438579579,0.0016157925128936768,-0.001308351755142212,0.0
-1.885371799455757e-05,-0.0013320425059646368,4.138594321948948e-06,0.0007483489438579579,0.0017587244510650635,-0.0012965127825737,0.0
-6.956816762576862e-06,-0.0013187127187848091,4.138594321948948e-06,0.0007483489438579579,0.0018966197967529297,-0.0012818723917007446,0.0
0.0121629517591593,0.010826210491359234,0.0072206264406546585,0.01127280717084569,0.007323235273361206,0.011225514113903046,0.0
0.09441107229176351,0.09339119493961334,0.11906985676236506,0.12017478264296054,0.125908762216568,0.0947018712759018,0.06514264473561937
0.11015247892729052,0.10950237512588501,0.2184472664365824,0.1855018714741771,0.20752021670341492,0.10861670225858688,0.305454883375151
0.38728390570213966,0.3883972465991974,0.3887719528671248,0.39319497140885584,0.4358917474746704,0.3943190276622772,0.2840814050738779
0.22392085255562375,0.223072811961174,0.39634024109821825,0.3728554924021574,0.4122968316078186,0.22430381178855896,0.28398847690735063
0.5581216721070951,0.5638872385025024,0.3011358550927962,0.27474725329892297,0.30674833059310913,0.5708743929862976,0.1579778830963665
0.12320337859514166,0.12337839603424072,0.27298546088030035,0.2106427388257109,0.2659381628036499,0.12084553390741348,0.0781525880494378
0.11840475518374205,0.11675569415092468,0.29959758892194555,0.28926791371062077,0.3617740273475647,0.11765137314796448,0.0367066257782734
0.11096618980458932,0.10804354399442673,0.3295756911618809,0.30641212492762987,0.24297040700912476,0.10676686465740204,0.029365300622618717
0.08420725931467797,0.08299557864665985,0.23589090161723836,0.19570605272278013,0.19948792457580566,0.08098186552524567,0.011708948982436577
0.07490193680439085,0.07303201407194138,0.20490608212696554,0.18029090666148842,0.1436196267604828,0.07167349010705948,0.02230275996654586
-0.0026674470341563755,-0.003450622083619237,0.07742387883651866,0.0475747698168026,0.1018785834312439,-0.005324453115463257,0.004553480159836447
0.0001251211796218176,-0.0012081629829481244,0.0005586631540228947,0.001976413932570528,0.003478139638900757,-0.0011232644319534302,0.0
-0.0007408657980015406,-0.0020929016172885895,0.0002840360649294587,0.001976413932570528,0.0036004483699798584,-0.0020025894045829773,0.0
-0.001445149697359662,-0.002809209283441305,0.00026342174073470373,0.001976413932570528,0.0036089718341827393,-0.0027293860912323,0.0
-4.278643471951598e-05,-0.0013672959757968783,0.00026342174073470373,0.001571569362641437,0.003624558448791504,-0.0012871399521827698,0.0
-0.0011992712815928068,-0.0025585591793060303,0.00026342174073470373,0.001976413932570528,0.003686070442199707,-0.0024739280343055725,0.0
0.00046741071630005044,-0.0007215393707156181,0.0,0.0011098219083838456,0.016341984272003174,-0.0005391240119934082,0.0
0.00047428889573686316,-0.0007161701214499772,0.0,0.0011098219083838456,0.016160815954208374,-0.0005350932478904724,0.0
0.000488910264426745,-0.0007022544741630554,0.0,0.0011098219083838456,0.01605495810508728,-0.0005217790603637695,0.0
0.00048608372459556324,-0.0007072368171066046,0.0,0.0011098219083838456,0.015819579362869263,-0.0005287006497383118,0.0
0.0004990369646522279,-0.0006947403308004141,0.0,0.0011098219083838456,0.01574459671974182,-0.0005165860056877136,0.0
0.0004895559682352658,-0.0007050216663628817,0.0,0.0011098219083838456,0.01567283272743225,-0.000527605414390564,0.0
0.0005198691015160532,-0.0006756053771823645,0.0,0.0011098219083838456,0.015516579151153564,-0.0004989281296730042,0.0
0.010923431904534969,0.009756791405379772,0.01085936188526382,0.011153347676525073,0.019978612661361694,0.009975507855415344,0.0
0.19160160645461288,0.19139160215854645,0.20431730149691,0.18999631395389227,0.1571839153766632,0.1927388459444046,0.0
0.1715453765821069,0.1719610095024109,0.2808821302308322,0.2612300833307027,0.4106968939304352,0.17382219433784485,0.06421336307034661
0.49912125485505066,0.5021725296974182,0.360641421480881,0.35478749609489646,0.3367486894130707,0.5089211463928223,0.20713688318929468
0.49189888819532135,0.4944804012775421,0.539827065709865,0.4886280442122436,0.4944067597389221,0.4976855516433716,0.45330359632004463
0.4771761717503341,0.47890904545783997,0.5484580860435037,0.5138107938396482,0.5197817087173462,0.4829374849796295,0.4401077966731717
0.689521090123489,0.6928909420967102,0.6216884434335523,0.6000233091126234,0.5296878218650818,0.700543999671936,0.3898336585819162
0.4327971807000812,0.4378865957260132,0.6172979373733483,0.4418480675072366,0.5033719539642334,0.43200933933258057,0.43127962085308064
0.4708293460897749,0.47220027446746826,0.5877275805651829,0.544584808782743,0.5406633615493774,0.4753454923629761,0.3955952049066072
0.5326801727322816,0.5361897349357605,0.48126964887390516,0.43928219907323957,0.4332157075405121,0.5408017039299011,0.5241148592138277
0.1348297002639353,0.13367967307567596,0.28502424845605395,0.2679307931708981,0.3245532810688019,0.13432592153549194,0.3675308986153703
0.09278082203948812,0.09225445240736008,0.10012931372863657,0.10311618774215973,0.150269016623497,0.09405823796987534,0.13762661462689343
0.01762309314908149,0.01678464561700821,0.006605547853650605,0.0022923896065203428,0.014246165752410889,0.016850240528583527,0.020722981135582196
0.002830943886151927,0.0015659776981920004,0.0003093198280421335,0.0036685080493324956,0.014172464609146118,0.0018992871046066284,0.0
0.0006661881785057919,-0.0005805450491607189,0.0002804758757550443,0.0022923896065203428,0.01416066288948059,-0.00036268681287765503,0.0
0.0003629183550051733,-0.0008876732899807394,0.0002804758757550443,0.0022923896065203428,0.014291822910308838,-0.000673927366733551,0.0
0.0009440189650658415,-0.00029618979897350073,0.0002804758757550443,0.0022923896065203428,0.014374196529388428,-7.18832015991211e-05,0.0
0.0005393617839742432,-0.0007876476738601923,6.936779486635679e-06,0.001349310308266954,0.0018490254878997803,-0.0007069259881973267,0.0
0.0005380263882432557,-0.0007884621736593544,6.936779486635679e-06,0.001349310308266954,0.0019096434116363525,-0.0007072761654853821,0.0
0.0005643682010849009,-0.0007613116758875549,6.936779486635679e-06,0.001349310308266954,0.0019510984420776367,-0.0006793439388275146,0.0
0.0005555047383985679,-0.0007697148830629885,6.936779486635679e-06,0.001349310308266954,0.0020188987255096436,-0.0006873533129692078,0.0
0.0005356163142762342,-0.0007879019249230623,6.936779486635679e-06,0.001349310308266954,0.0022456347942352295,-0.000704057514667511,0.0
0.0005239912411762859,-0.0007955100736580789,6.936779486635679e-06,0.001349310308266954,0.0027155280113220215,-0.0007080882787704468,0.0
0.000576439367713083,-0.0007425221847370267,6.936779486635679e-06,0.001349310308266954,0.002678602933883667,-0.0006545037031173706,0.0
0.012135972320991575,0.011396066285669804,0.015453402565665308,0.004849903959764222,0.027102112770080566,0.011003062129020691,0.006969612489545581
0.19151947555495336,0.1894892156124115,0.24476681882359028,0.26092796747764924,0.1796993613243103,0.1923396736383438,0.15379611560263917
0.4684038956986043,0.47070300579071045,0.39218435736716933,0.37511600856964733,0.32995277643203735,0.4758596122264862,0.4629681256388812
0.4702165015345334,0.46928906440734863,0.565835569114776,0.5873516524468803,0.5242128968238831,0.4763224720954895,0.6439921940340118
0.6393132821910814,0.638685941696167,0.624716551084473,0.7084742179123164,0.6522383093833923,0.6526006460189819,0.7811541678282689
0.8301804117951507,0.8333656787872314,0.7616722053353847,0.781216375936064,0.7430737614631653,0.8459502458572388,0.8594926122107611
0.7727894435067887,0.7750900983810425,0.7633396274233687,0.7850458177403594,0.7639837265014648,0.7869725823402405,0.8897871944986526
0.7933837069257317,0.7956643104553223,0.7633396274233687,0.7992576421974231,0.7868085503578186,0.8089122772216797,0.7891459901496144
0.739826970793311,0.7422164082527161,0.6875883786587492,0.7278241008349209,0.748947024345398,0.7553606033325195,0.7412879843880682
0.5670043871303849,0.5688981413841248,0.5527575928629812,0.5749928823313984,0.633915901184082,0.5786522626876831,0.5830313167921197
0.3516857289324914,0.351880818605423,0.35061750609635,0.37300326824895613,0.39441749453544617,0.35834696888923645,0.36576526345135213
0.07734497479664737,0.07556592673063278,0.135935596007886,0.15574215754825713,0.1934809386730194,0.07803122699260712,0.1417154539540935
0.05740513655980678,0.056901492178440094,0.012770019340375837,0.01129935307657487,0.004267960786819458,0.05766085907816887,0.02416132329709135
0.0008064324181206979,-0.0008764531230553985,0.000745321569325441,0.01129935307657487,0.004251003265380859,-0.00024143606424331665,0.0
0.000492885743290183,-0.0011893942719325423,0.0009737976459428447,0.01129935307657487,0.004391133785247803,-0.000574551522731781,0.0
0.0005412576673824629,-0.001069439109414816,0.0006231379525283937,0.009370516344456212,0.0044914186000823975,-0.00054129958152771,0.0
0.000603559955235659,-0.0008585422183386981,0.00033470838628289534,0.005535309561587516,0.004543006420135498,-0.0005331188440322876,0.0
0.0023826039949386164,0.0010279554408043623,6.304744987453741e-05,0.0009933044760726943,-0.006359070539474487,0.0010493844747543335,0.0
0.0022468262105182907,0.0008910939795896411,4.031426458695822e-06,0.0009933044760726943,-0.006097197532653809,0.0009164363145828247,0.0
0.0022490797501605146,0.000895825622137636,4.031426458695822e-06,0.0009933044760726943,-0.005824774503707886,0.0009233951568603516,0.0
0.0023548008404267783,0.0010069588897749782,4.031426458695822e-06,0.0009933044760726943,-0.005416542291641235,0.0010396093130111694,0.0
0.002349792385757601,0.0010045533999800682,4.031426458695822e-06,0.0009933044760726943,-0.0051167309284210205,0.0010395273566246033,0.0
0.0023537629231232997,0.0010108805727213621,4.031426458695822e-06,0.0009933044760726943,-0.004861056804656982,0.001047976315021515,0.0
0.0025395526987108267,0.0014194382820278406,2.2250192496767037e-06,-0.004410001022235141,-0.004372388124465942,0.0011476874351501465,0.0
0.0167821141639494,0.01542435772716999,0.025202936786954403,0.025939873777578608,0.021657109260559082,0.015619397163391113,0.03131679211969148
0.17769923557748846,0.17737017571926117,0.23541964936561327,0.2157787074031517,0.21514210104942322,0.17828190326690674,0.18102406839513055
0.2806680578742909,0.28208714723587036,0.4541575977710525,0.38641402715650386,0.4918978214263916,0.2816789448261261,0.47272558312424495
0.4544735611062798,0.4541097581386566,0.621618616300296,0.6261957224791214,0.664968729019165,0.4603815972805023,0.6985410277855219
0.5985562411254174,0.5998798608779907,0.7579337693102676,0.730117040996781,0.7453952431678772,0.6058095693588257,0.7243750580801042
0.7294137463959969,0.7326372265815735,0.7076539245123307,0.703008798092248,0.7063025236129761,0.742408275604248,0.8815165876777251
0.8280257662056769,0.830950915813446,0.7597841103272561,0.7914471985751887,0.7677412033081055,0.8444272875785828,0.88476907350618
0.7741829019362679,0.7777592539787292,0.7597841103272561,0.745651802899304,0.7364603281021118,0.7873883247375488,0.8366322832450517
0.7346608967469769,0.7372785210609436,0.7035552691528459,0.7170367948352204,0.7004804611206055,0.7481990456581116,0.7453768237152683
0.580937563708237,0.5831124782562256,0.5472395422181202,0.5649360249482895,0.607025146484375,0.5926850438117981,0.5853545209553017
0.09763477686177222,0.09445777535438538,0.25061346269173906,0.292349451106889,0.35239657759666443,0.09852608293294907,0.3305454883375151
0.1093794157180628,0.10754083096981049,0.12798191231865844,0.16575256050574155,0.18971453607082367,0.11166267842054367,0.13307313446705696
0.03328053842240899,0.032673172652721405,0.013565596066887039,0.0033006351496463436,3.275275230407715e-05,0.03246410936117172,0.02165226280085494
0.0024351377505599345,0.0010077430633828044,0.000338114018792052,0.0043412320982438935,-0.00029537081718444824,0.0012554079294204712,0.0
0.0006731544195716244,-0.0007159879896789789,0.003592629437385838,0.0043412320982438935,-2.2649765014648438e-06,-0.0007233098149299622,0.0
0.002080492943149893,0.0005922999698668718,0.0020720492524621903,0.006711168379386853,0.0002601444721221924,0.0008559003472328186,0.0
0.0023460969207619933,0.0008657786529511213,0.0023039251422694988,0.006711168379386853,0.00013116002082824707,0.0011166706681251526,0.0
0.0010657783540191368,-0.0004006406234111637,0.0016199206005190054,0.004738183188249261,-0.0032002627849578857,-0.00026595592498779297,0.0
0.0011638608127751977,-0.0002488295722287148,0.004156818084510945,0.004738183188249261,-0.003029078245162964,-0.00028830021619796753,0.0
0.0010810402001665666,-0.00037321937270462513,0.002110769675245813,0.004738183188249261,-0.0029633939266204834,-0.0002706572413444519,0.0
0.0006582590012326695,-0.0020264217164367437,0.005324388151821593,0.037075826174608945,-0.002816319465637207,-0.0002627745270729065,0.0
0.0012156695708543874,-0.0001762260653777048,0.005009405831175254,0.004738183188249261,-0.0027008652687072754,-0.00027173012495040894,0.0
0.0008880402438604531,-0.0009331293404102325,0.0014626090519460802,0.013631526583737327,-0.002556413412094116,-0.00026509910821914673,0.0
0.0008081167222239879,-0.0005539623089134693,0.0005224243233479485,0.0016704887521030152,-0.0022813081741333008,-0.0005190670490264893,0.0
0.022257192512883186,0.018796756863594055,0.04104876738468142,0.09594369036346637,0.05296704173088074,0.022324636578559875,0.015054362977418455
0.21996063410732797,0.21894247829914093,0.3227985953565461,0.30374464243969995,0.2568347156047821,0.21995121240615845,0.22971842765542236
0.552541037832149,0.5625767707824707,0.5833230536163105,0.3757409778699997,0.6151422262191772,0.5581434965133667,0.512684694730973
0.5939535940457561,0.5952871441841125,0.634876468654109,0.6681116816359517,0.7529868483543396,0.6061679720878601,0.7004925192825947
0.7880693921788974,0.7901157140731812,0.7633717382019107,0.8112452138249251,0.8237590789794922,0.804269015789032,0.8134931697797602
0.8475978590122544,0.8501654267311096,0.7633717382019107,0.8291579974187363,0.851340651512146,0.8666021823883057,0.8680420035312704
0.8497796966650323,0.8521853089332581,0.7633717382019107,0.8291579974187363,0.8292218446731567,0.8684815168380737,0.8757550413530341
0.837801311100529,0.8404938578605652,0.7633717382019107,0.804219926304379,0.772506594657898,0.8546715974807739,0.8358888579128333
0.6168987315842227,0.6178212761878967,0.6943963874376905,0.7094795675077604,0.7162020206451416,0.6270597577095032,0.7426819068859772
0.5052347054218096,0.5060142874717712,0.5651646226732361,0.5762027393379876,0.6017608642578125,0.5136619210243225,0.5891645757829198
0.372728026094739,0.37307971715927124,0.3614542271719862,0.3981848196829743,0.4608210325241089,0.3811538815498352,0.37245609144131586
0.1465183472051638,0.14494813978672028,0.13353602861373515,0.19775679891470085,0.28087544441223145,0.1519191861152649,0.1340024161323297
0.02171355267303821,0.019381269812583923,0.018061706197934745,0.04378026039768612,-0.0010039210319519043,0.021020621061325073,0.037914691943127965
0.0006484741884833017,-0.0017467522993683815,0.0012070665967359112,0.02804639799726403,-0.0014960765838623047,-0.00021324306726455688,0.0
0.0007116079625953565,-0.001670375932008028,0.001856216006941369,0.02804639799726403,-0.0015791654586791992,-0.00018180161714553833,0.0
0.0017968896997656199,-0.00029576721135526896,0.003832636245110865,0.02220373563430532,-0.001683354377746582,0.0007306411862373352,0.0
0.0021032288128804,7.696810644119978e-05,0.00031821424753238075,0.018903170368960037,-0.0017030835151672363,0.0011608526110649109,0.0
0.0015686263943980885,0.00025107007240876555,3.654503404243564e-05,0.002103222427862811,0.0042851269245147705,0.0004109293222427368,0.0
0.0016000857190018184,0.00028781068976968527,3.654503404243564e-05,0.002103222427862811,0.004816323518753052,0.0004524737596511841,0.0
0.0020282556276230578,0.0015218759654089808,0.0014870779056249356,-0.017197659127934115,0.0048902928829193115,0.0004641115665435791,0.0
0.0015646423088932603,0.0002549062483012676,3.654503404243564e-05,0.002103222427862811,0.005165368318557739,0.000421769917011261,0.0
0.0007390099339817551,-0.0005810616421513259,3.654503404243564e-05,0.002103222427862811,0.005541294813156128,-0.0004252418875694275,0.0
0.0015569659104410797,0.0002453629858791828,3.654503404243564e-05,0.002313122271197518,0.0059049129486083984,0.0004303157329559326,0.0
0.014953454118739282,0.013841192238032818,0.0007517043870542615,0.0033330906594838112,0.006282836198806763,0.014267094433307648,0.0
0.010319456822941258,0.006519257090985775,0.03207783638441999,0.09088087786267181,0.03459683060646057,0.010026656091213226,0.015147291143945732
0.30521194099239485,0.30630773305892944,0.37536049274574873,0.31413782940350854,0.2641461491584778,0.30576395988464355,0.11188551249883841
0.5330926564588191,0.5354986786842346,0.5181749030623228,0.4863948430461615,0.4367440342903137,0.5403240323066711,0.21457113651147663
0.7149220753893155,0.7170476317405701,0.6245200865184843,0.6732557274814133,0.6632059812545776,0.730292022228241,0.43508967568069884
0.7555851980406103,0.7589861750602722,0.7337074918050429,0.7241647806337577,0.7137778401374817,0.7686808109283447,0.6330266703837935
0.84970137039082,0.8528664112091064,0.7350215196964656,0.7560645881419977,0.6520653963088989,0.8654426336288452,0.7017005854474492
0.8436390522579182,0.8446272015571594,0.7573567890271931,0.8425854122561076,0.7554998397827148,0.8614320755004883,0.7214013567512313
0.8235039109788431,0.826088547706604,0.7573567890271931,0.7941408110623439,0.7554947137832642,0.8397166132926941,0.557383142830592
0.7347040183673618,0.7417844533920288,0.6090373848464055,0.536905843798175,0.6075247526168823,0.7480242252349854,0.48805873060124527
0.455377047197484,0.45429527759552,0.5489563329454588,0.6038296814150254,0.6453288793563843,0.46419188380241394,0.44670569649660813
0.3286644745780415,0.3266560733318329,0.3521694912989728,0.43637512630409064,0.4695667624473572,0.33693236112594604,0.34504228231576994
0.13696616621698393,0.135213240981102,0.13052191655867001,0.18417286320465398,0.22445805370807648,0.14098423719406128,0.16578384908465757
0.0033085987475529825,0.0013086150866001844,0.018243058979079213,0.029992455859063783,0.008446335792541504,0.0018911957740783691,0.019421986804200354
0.001562643909045582,9.790447074919939e-05,0.0021643363550036122,0.0075461499620456535,0.0073461830615997314,0.0004520118236541748,0.0
0.00159304319257125,0.00012311560567468405,0.0018753230196840017,0.0075461499620456535,0.007353782653808594,0.0004979893565177917,0.0
0.0016996092530776937,0.00021412884234450758,0.0010039577090912672,0.0075461499620456535,0.007359027862548828,0.000651724636554718,0.0
0.0015515366660744598,7.024567457847297e-05,0.0013705076992821827,0.0075461499620456535,0.007285445928573608,0.0004791244864463806,0.0
0.011866461473928253,0.010114556178450584,0.004702400540242714,0.018467926284734253,-0.000857621431350708,0.0110398530960083,0.0
0.0009381362149524779,-0.001006079837679863,0.0040212836447798515,0.018467926284734253,-0.0005618631839752197,-0.00021699070930480957,0.0
0.0011902979999072142,-0.00023152545327320695,0.004369231543312716,0.005700486349453332,-0.0002894103527069092,-0.00020708143711090088,0.0
0.0012212447601659998,8.03047587396577e-05,0.001105973084691089,-0.0028738326668553884,0.00012311339378356934,-0.00016502290964126587,0.0
0.0011359182359373323,-2.421182580292225e-05,2.383060361536738e-05,-0.0028738326668553884,0.0005468130111694336,-0.00019200146198272705,0.0
0.0010787037608059394,-0.00012574990978464484,2.383060361536738e-05,-0.0018369314218708672,0.0003180503845214844,-0.0002356991171836853,0.0
-0.0027828572134281386,-0.004175327718257904,8.292051782433717e-07,0.001896331317682431,0.0031440556049346924,-0.00410836935043335,0.0
0.0197657019018193,0.01836409419775009,0.056245905709165746,0.0431367462700844,0.018668264150619507,0.01742352545261383,0.015240219310473006
0.2646911168947871,0.263057678937912,0.3763384599069171,0.3535061555586754,0.2075333595275879,0.2636032998561859,0.17173125174240314
0.6009273311766568,0.6015165448188782,0.5445225554015822,0.5869169726020422,0.4968298375606537,0.6120198369026184,0.38379332775764335
0.7563748517007122,0.7583496570587158,0.6200902804951643,0.6957254374942544,0.6793957948684692,0.7740540504455566,0.6646222470030667
0.7658368317291059,0.7658429741859436,0.7608093714396865,0.8255747067167175,0.7066740989685059,0.7796940207481384,0.7712108540098503
0.8230755939752097,0.8233217597007751,0.7596652193111865,0.8502411387670776,0.7396939992904663,0.8399358987808228,0.832357587584797
0.7989589923084781,0.8018947839736938,0.7275124785226028,0.7467316822129826,0.6956685781478882,0.8139355182647705,0.8519654307220518
0.7879685221564514,0.7880294322967529,0.7608093714396865,0.8363892841943195,0.7198963165283203,0.8029963374137878,0.6918501997955581
0.6571793013615977,0.6570872664451599,0.6949674977804814,0.7467075125225809,0.6926716566085815,0.6689606308937073,0.614626893411393
0.494793235839111,0.4952511489391327,0.5256925659200131,0.555772477804136,0.5821443200111389,0.5041254162788391,0.4479137626614627
0.3789339374694381,0.37748250365257263,0.3426348695815075,0.41158166909274246,0.3495250344276428,0.3868663012981415,0.21503577734411303
0.14683717243648672,0.14453594386577606,0.11739879033550167,0.18435130659100046,0.17496192455291748,0.15100449323654175,0.09487965802434718
0.03375682761888361,0.03248738497495651,0.022050589461773885,0.025400352358526657,0.00468108057975769,0.03302381932735443,0.021466406467800393
0.0018090123002775594,0.0004107991117052734,0.0007679969392934406,0.0040830345746336455,0.002016723155975342,0.0006212443113327026,0.0
0.015597295016994568,0.014423114247620106,0.0003391651236801342,0.0039094239152239136,0.001660466194152832,0.014885373413562775,0.0
0.0009962907699627066,-0.0004235585802234709,0.0003391651236801342,0.0039094239152239136,0.0012891888618469238,-0.00021300464868545532,0.0
0.001086264629075315,-0.0002537037362344563,0.0003108839879901875,0.0020285465758931006,0.0017346739768981934,-0.0001460835337638855,0.0
0.00033642140830071545,-0.0015900288708508015,7.3489484008726755e-06,0.020383954274758795,0.019988954067230225,-0.00025362521409988403,0.0
0.00030976648730991925,-0.0016220120014622808,2.872201457380328e-06,0.020383954274758795,0.019453585147857666,-0.00029005110263824463,0.0
0.00031844648893222154,-0.0016179062658920884,2.872201457380328e-06,0.020383954274758795,0.018926948308944702,-0.00029002875089645386,0.0
0.00032040659877058137,-0.0016204423736780882,2.872201457380328e-06,0.020383954274758795,0.018421471118927002,-0.00029659271240234375,0.0
0.0003176492720477946,-0.0016281023854389787,2.872201457380328e-06,0.020383954274758795,0.017879366874694824,-0.00030865520238876343,0.0
0.0007108324284818498,-0.0004088845744263381,2.872201457380328e-06,-0.00028932739409730105,0.01738828420639038,-0.0002959594130516052,0.0
-0.0012614400689591608,-0.0024889465421438217,0.0008836675748320289,0.0014571207734005139,0.014820188283920288,-0.0023896172642707825,0.0
0.03855050407645267,0.03620942682027817,0.030070609056012873,0.058864421444882506,0.007204920053482056,0.0382450670003891,0.016912926307963944
0.17061981675038043,0.16623803973197937,0.2185373067240965,0.2957909070258097,0.16938793659210205,0.17252105474472046,0.2205185391692222
0.5223404534533045,0.5291043519973755,0.49208942165585356,0.35175450022421617,0.402180552482605,0.5274151563644409,0.49196171359539076
0.6564664157100846,0.6632575392723083,0.5837172858188212,0.5205789351004971,0.7038751840591431,0.6697522401809692,0.6721494284917758
0.7824176801196258,0.783376157283783,0.7569108574743013,0.8087886209404311,0.7162545919418335,0.7968770265579224,0.782269305826596
0.7819369344578391,0.7830438613891602,0.7599375087167448,0.8240356233408243,0.7948042154312134,0.797848105430603,0.8389554874082334
0.7759725252272106,0.7779796123504639,0.7213124697509685,0.7656930798890299,0.73273104429245,0.7914687395095825,0.8575411207136884
0.7438003912090919,0.7463651299476624,0.7190491139821208,0.7346500170518865,0.7215179800987244,0.7575583457946777,0.8264101849270515
0.6718949229030652,0.6745759844779968,0.6548117642339468,0.6588527868583207,0.6734612584114075,0.6842114925384521,0.719914506086795
0.5539745816502673,0.5563086271286011,0.5237181634890233,0.5422475488544568,0.6261438727378845,0.5658913254737854,0.5716940804757923
0.36785739480951374,0.3663845956325531,0.3283923201966139,0.4192562716175384,0.43348824977874756,0.3776980936527252,0.36576526345135213
0.13926537660734706,0.1365903615951538,0.1277362014265546,0.2016095696230366,0.20104053616523743,0.14342691004276276,0.14524672428212992
0.01232252551926289,0.010457949712872505,0.01942713573581811,0.03161935676823833,0.01146388053894043,0.01123078167438507,0.02313911346529133
0.0008636207862184001,-0.001198512502014637,0.005866015708486973,0.025800556839624934,0.014928370714187622,1.3828277587890625e-05,0.0
0.00036741300648240535,-0.0016708301845937967,0.00029668209356679834,0.022248957388285938,0.015106111764907837,-0.00028424710035324097,0.0
0.00045382543606298513,-0.001610412378795445,0.0002604861166774354,0.022917802746560103,0.0151003897190094,-0.00018075108528137207,0.0
0.0003493836506501889,-0.0017139228293672204,0.0002604861166774354,0.022917802746560103,0.015397816896438599,-0.00028365105390548706,0.0
0.0006394703367741889,-0.0004981113015674055,1.7551937969926778e-06,0.0009419817241879029,0.021006226539611816,-0.0002852305769920349,0.0
0.0006362547865601527,-0.0004985987907275558,1.7551937969926778e-06,0.0009419817241879029,0.02131667733192444,-0.00028327852487564087,0.0
0.0006128114557680188,-0.0005181326414458454,1.7551937969926778e-06,0.0009419817241879029,0.021796464920043945,-0.0002993568778038025,0.0
0.0006121035753245282,-0.0005180893931537867,1.7551937969926778e-06,0.0009419817241879029,0.02188161015510559,-0.0002986416220664978,0.0
0.0006076178812642803,-0.0005203151376917958,1.7551937969926778e-06,0.0009419817241879029,0.02214217185974121,-0.00029885023832321167,0.0
0.0006092522295241018,-0.0005160561995580792,1.7551937969926778e-06,0.0009419817241879029,0.02243208885192871,-0.0002922341227531433,0.0
0.00017787872574528312,-0.0009313845075666904,0.00032605149595865625,0.0009419817241879029,0.02430063486099243,-0.0007225498557090759,0.0
0.0128667104201537,0.011204825714230537,0.02969397704230459,0.03598551346734199,0.02965947985649109,0.011671379208564758,0.0
0.11787761414559692,0.11784233152866364,0.1970547367339993,0.15374407567368858,0.16815853118896484,0.11640860885381699,0.03494099061425519
0.3534207144025158,0.35372790694236755,0.38751467571824955,0.36859151494471715,0.30200132727622986,0.35664576292037964,0.07239104172474678
0.3064135844485412,0.3041137158870697,0.45161811233608157,0.47846944522863216,0.4442477822303772,0.30932334065437317,0.06607192640089211
0.4554585879483361,0.4564357101917267,0.489774083811213,0.48997775040567876,0.5001990795135498,0.46264177560806274,0.13902053712480253
0.09206756931897124,0.09138210862874985,0.13129109754019638,0.11960422594856365,0.13784900307655334,0.0918617770075798,0.1294489359724933
0.08262809608145985,0.08148480951786041,0.12331098555624577,0.11960422594856365,0.12198972702026367,0.08223366737365723,0.16504042375243935
0.12144013704611538,0.12405558675527573,0.09065244810348448,0.02246722499993544,0.11018526554107666,0.12196995317935944,0.10500882817582011
0.0758521669445723,0.0788864940404892,0.25295177099566135,0.1079191937495702,0.26042693853378296,0.0708933174610138,0.11420871666202027
0.29746675851181237,0.3022150695323944,0.3604924705983433,0.22495340251650026,0.32253211736679077,0.297830194234848,0.3047114580429328
0.12049696643330836,0.1185639351606369,0.24862794355725198,0.24854388250285317,0.25844594836235046,0.11984314024448395,0.31000836353498745
0.11276949182058564,0.11415736377239227,0.12388044643767422,0.07727749852432152,0.15911811590194702,0.11320231109857559,0.13158628380262058
0.0376682774734553,0.03731927648186684,0.010956649280680542,0.0030873749010168223,0.02559727430343628,0.0375601127743721,0.02481182046278227
0.0006031258354507507,-0.0005895472131669521,0.0002623238267893682,0.0030873749010168223,0.02388814091682434,-0.0002468377351760864,0.0
0.0005712398969153776,-0.000625095795840025,0.00025525011444114455,0.0030873749010168223,0.02355414628982544,-0.00028511881828308105,0.0
0.000569373887382817,-0.0006278888322412968,0.00025525011444114455,0.0030873749010168223,0.023454129695892334,-0.00028874725103378296,0.0
0.0005655416607527467,-0.0006328623276203871,0.00025525011444114455,0.0030873749010168223,0.023333847522735596,-0.00029475241899490356,0.0
0.00018910617861941361,-0.0013641252880916,4.452403651716809e-06,0.0018607030558468107,-0.02047160267829895,-0.0014386177062988281,0.0
0.0001588226260649478,-0.0013793592806905508,4.452403651716809e-06,0.0018607030558468107,-0.01873573660850525,-0.0014404207468032837,0.0
0.00015659073401750852,-0.001372779835946858,4.452403651716809e-06,0.0018607030558468107,-0.017748117446899414,-0.0014259442687034607,0.0
0.0001311442224846335,-0.001383147668093443,4.452403651716809e-06,0.0018607030558468107,-0.01601797342300415,-0.0014228448271751404,0.0
0.0001105176600055182,-0.0013948482228443027,4.452403651716809e-06,0.0018607030558468107,-0.01498347520828247,-0.0014265850186347961,0.0
8.86126196688803e-05,-0.0014046181458979845,4.452403651716809e-06,0.0018607030558468107,-0.013588428497314453,-0.001425519585609436,0.0
0.0012008146681461173,-0.00013305961329024285,5.386531218116035e-06,0.0006850732627788644,-0.0030938386917114258,-0.00011952966451644897,0.0
0.04199119368592734,0.041082531213760376,0.03120091723607921,0.0404639628776601,0.07634523510932922,0.04257701337337494,0.014868506644363908
0.19729006167377955,0.19987069070339203,0.116565194069968,0.0931968508200413,0.22275836765766144,0.20230889320373535,0.18641390205371244
0.23855096548823412,0.23984669148921967,0.11021887291824464,0.13360129101860346,0.19675616919994354,0.2455855756998062,0.46854381563051767
0.5850303828141253,0.5912867784500122,0.5279331391742101,0.44903605453995016,0.5823943018913269,0.5953001976013184,0.662670755505994
0.6786723223779367,0.6810590028762817,0.7152375623555994,0.6991169593309662,0.672719419002533,0.6889384984970093,0.7785521791655051
0.7699503333614611,0.7734554409980774,0.7174623516897404,0.7104341614606231,0.6738517880439758,0.7834055423736572,0.8421150450701609
0.7767468724435864,0.7811159491539001,0.723013827035183,0.6937160697780568,0.6709743738174438,0.7897930145263672,0.848248304060961
0.6015842934953984,0.6028375029563904,0.7189792782923621,0.6979278832032287,0.6754035949707031,0.609094500541687,0.8099618994517238
0.612640370162795,0.6153234839439392,0.6253182012744481,0.6122283902937475,0.6416785717010498,0.6230270862579346,0.7154539540934858
0.5316419004419871,0.5362980961799622,0.5204887427969133,0.4549124079029165,0.5453930497169495,0.5399684906005859,0.5556175076665738
0.31360190304001834,0.3137110471725464,0.3342220948495539,0.3565756358626461,0.41877302527427673,0.31990838050842285,0.35182603847226096
0.12806109482078815,0.1279338300228119,0.13037901829555287,0.14208586593518652,0.2355061173439026,0.13119001686573029,0.13613976396245703
0.034819719615411304,0.03416363522410393,0.01794611072687141,0.008337790330079559,0.004404544830322266,0.034004583954811096,0.028528947123873247
3.111537078033088e-05,-0.0014196796109899879,0.00028596486316645497,0.0018607030558468107,-0.009371727705001831,-0.0014273449778556824,0.0
0.00026678159823574567,-0.0011879380326718092,0.00026808363342791083,0.0018607030558468107,-0.01020658016204834,-0.0011970475316047668,0.0
0.00039967705759084624,-0.0010597376385703683,0.00026808363342791083,0.0018607030558468107,-0.010976821184158325,-0.0010727718472480774,0.0
0.00011161195427191557,-0.001356151420623064,0.00026808363342791083,0.0018607030558468107,-0.011375010013580322,-0.001377291977405548,0.0
-0.00013054036195409317,-0.0014912489568814635,3.945866757187539e-06,0.0018509756169202579,0.0015669167041778564,-0.0013946518301963806,0.0
-0.00013377119101487512,-0.0014935231301933527,3.945866757187539e-06,0.0018509756169202579,0.0016796886920928955,-0.001396074891090393,0.0
-0.00015095175872451277,-0.0015075970441102982,3.945866757187539e-06,0.0018509756169202579,0.002058267593383789,-0.0014073997735977173,0.0
-0.00015470540818723617,-0.0015104437479749322,3.945866757187539e-06,0.0018509756169202579,0.002166450023651123,-0.0014094412326812744,0.0
-0.00015636986933827385,-0.00151120126247406,3.945866757187539e-06,0.0018509756169202579,0.0022707581520080566,-0.001409389078617096,0.0
-0.0001621189413142099,-0.00151564902625978,3.945866757187539e-06,0.0018509756169202579,0.002426654100418091,-0.0014126822352409363,0.0
0.00020201562051997877,-0.001068683690391481,4.9903157142993045e-06,0.00019788004200914442,0.003641486167907715,-0.0010465234518051147,0.0
0.003704129952615106,0.0015178334433585405,0.028077549038732826,0.03907058872185683,0.0054208338260650635,0.0019269287586212158,0.021559334634327663
0.038369081169722485,0.03581372648477554,0.16889071206222017,0.16884207024684816,0.1639927327632904,0.03584253787994385,0.14468915528296625
0.3620273983839296,0.3627285361289978,0.31185480944520727,0.3438736904822825,0.38840270042419434,0.3703261613845825,0.2136418548462039
0.5142953070385179,0.5178054571151733,0.31695981421813146,0.3321864528034365,0.3564949035644531,0.5267002582550049,0.2615927887742775
0.5148596343421372,0.5178687572479248,0.35458534507830936,0.3721652330857884,0.3936631977558136,0.5267822742462158,0.4003345413994982
0.4774422689816544,0.477213054895401,0.5170934403393986,0.5541834915860807,0.5496557950973511,0.4860384166240692,0.44884304432673544
0.5712505754534418,0.5744343996047974,0.5611851264632403,0.5477751824979923,0.6302145719528198,0.5820503234863281,0.7143388160951585
0.4689006174696199,0.4710749387741089,0.5187617403558906,0.4994335406769453,0.5864976644515991,0.47673171758651733,0.6085865625871203
0.5072503236774422,0.5104064345359802,0.5185231750043819,0.47124366083295594,0.5001692771911621,0.5143905878067017,0.44047950933928076
0.5205123644417499,0.5278136134147644,0.4002818144794405,0.29906957957169295,0.43544262647628784,0.5296915173530579,0.3525694638044791
0.2150745576283713,0.2153971791267395,0.2264108455587635,0.21143698610130213,0.21936734020709991,0.21735480427742004,0.19700771303782177
0.06523954428389497,0.06510712951421738,0.1079947865877049,0.08439523148840909,0.14448672533035278,0.06475082784891129,0.08038286404609238
0.01831863506023742,0.01734197698533535,0.016587330790452704,0.008767200465472988,0.004125624895095825,0.017019622027873993,0.017935136139763965
0.0002471687474018521,-0.0010900027118623257,0.00024187139063596862,0.0018509756169202579,0.0029649734497070312,-0.0009923577308654785,0.0
-0.00013133569965135942,-0.0014762601349502802,0.00024187139063596862,0.0018509756169202579,0.0028008222579956055,-0.0013863816857337952,0.0
0.0006624264341094396,-0.0006692606257274747,0.00024187139063596862,0.0018509756169202579,0.002807825803756714,-0.0005658045411109924,0.0
-0.00015367120900373747,-0.0014996236423030496,0.00024187139063596862,0.0018509756169202579,0.0027274489402770996,-0.0014107152819633484,0.0
0.0008422108789631153,-0.0004047516849823296,0.0,0.001426463713113166,0.01058107614517212,-0.00024371594190597534,0.0
0.0008393104236111193,-0.0004077577032148838,0.0,0.001426463713113166,0.010574668645858765,-0.0002468228340148926,0.0
0.0008372538125219767,-0.0004122864920645952,0.0,0.001426463713113166,0.010302543640136719,-0.00025357306003570557,0.0
0.000852331377712925,-0.00039768038550391793,0.0,0.001426463713113166,0.010221987962722778,-0.0002393573522567749,0.0
0.0008582770249445532,-0.00039338739588856697,0.0,0.001426463713113166,0.010026514530181885,-0.00023653358221054077,0.0
0.0008710110765790534,-0.000382200232706964,0.0,0.001426463713113166,0.009830266237258911,-0.00022670626640319824,0.0
0.0009970489577951448,-0.00020714693528134376,5.1265091694810635e-06,-0.0007712031987586724,0.0052803754806518555,-0.0002149716019630432,0.0
0.007957801866044403,0.005406646989285946,0.029775988984131453,0.05735319245013728,0.03436461091041565,0.007071547210216522,0.02862187529040052
0.2015444872653645,0.20343749225139618,0.20695784131433156,0.14846830290209198,0.18288779258728027,0.20254701375961304,0.20323390019514914
0.4893693195805789,0.4967610836029053,0.3678913683369007,0.27066908527834166,0.4489660859107971,0.4988183081150055,0.4556268004832265
0.666249861157741,0.6742962598800659,0.5838826920919028,0.47268644603110793,0.612454354763031,0.6774101257324219,0.638323575875848
0.7635177519872733,0.7723323106765747,0.6039512468579387,0.5264504039313287,0.7125084400177002,0.779650092124939,0.7522535080382866
0.784699170189184,0.7906114459037781,0.6922226682934829,0.6522440594089923,0.7125084400177002,0.799482524394989,0.8088467614533966
0.7942861167258607,0.7970983982086182,0.7454398927669987,0.7606378313085319,0.7125084400177002,0.8087559938430786,0.8010407954651054
0.7723630604579644,0.7736567258834839,0.7627900646029676,0.7982898664908779,0.7125084400177002,0.785931408405304,0.7660998048508503
0.6812851897515148,0.6842812299728394,0.6930403914152855,0.6775742282482194,0.6894493103027344,0.6926299929618835,0.6854381563051761
0.5907774159692719,0.5920861959457397,0.5394743680103801,0.5692522342767095,0.5285974144935608,0.6019911170005798,0.5351733110305735
0.36164501621031275,0.36076414585113525,0.3368973085226415,0.3879833785146092,0.3530322015285492,0.3689020276069641,0.3374221726605334
0.10244429608765547,0.1009616106748581,0.12946406972201388,0.15171960627873518,0.17656643688678741,0.10393530875444412,0.1336307034662206
0.01357065679805763,0.012384931556880474,0.01796951223483418,0.012878735059186965,0.0048007965087890625,0.012131080031394958,0.022674472632654957
0.0037898376413030422,0.002459285780787468,0.00033548794560687967,0.004694181909187947,0.009579986333847046,0.002830199897289276,0.0
0.0022934539523840397,0.001051698112860322,0.0002699974547214367,0.0019033854798480672,0.009994536638259888,0.0012417808175086975,0.0
0.0008507066138825085,-0.00041538465302437544,0.0002699974547214367,0.0019033854798480672,0.009951084852218628,-0.00025022774934768677,0.0
0.002498732793747495,0.0012615206651389599,0.0002699974547214367,0.0019033854798480672,0.010121375322341919,0.0014561191201210022,0.0
0.0008965970351952802,-0.0004573230107780546,5.435177920497077e-06,0.0005392018994959202,-0.005416661500930786,-0.0004761740565299988,0.0
0.0008900172791376576,-0.00046372198266908526,5.435177920497077e-06,0.0005392018994959202,-0.005384296178817749,-0.00048242509365081787,0.0
0.0008938834039637568,-0.0004593335324898362,5.435177920497077e-06,0.0005392018994959202,-0.005333155393600464,-0.0004775598645210266,0.0
0.0008866956127427435,-0.0004657207755371928,5.435177920497077e-06,0.0005392018994959202,-0.0052304863929748535,-0.0004832446575164795,0.0
0.0008956306135444651,-0.0004563725960906595,5.435177920497077e-06,0.0005392018994959202,-0.00520092248916626,-0.00047350674867630005,0.0
0.0009121918463759536,-0.0004389180976431817,5.435177920497077e-06,0.0005392018994959202,-0.005131900310516357,-0.00045521557331085205,0.0
0.003887364231958002,0.0025972973089665174,1.1372173616004284e-05,0.0005392018994959202,-0.0038434267044067383,0.002641618251800537,0.0
0.05617429926538789,0.054611559957265854,0.034147446894994854,0.050845627037853,0.01669028401374817,0.056269802153110504,0.05222562958832823
0.1401881216541201,0.1403997838497162,0.1639075598700529,0.13830533236435916,0.15945887565612793,0.1406884491443634,0.2441222934671499
0.3081579517541862,0.31249427795410156,0.3072908615891143,0.2181734642725897,0.34494489431381226,0.3117911219596863,0.3257132236780968
0.5626808096826278,0.5674756765365601,0.4995889490303401,0.4487374177507808,0.5223978757858276,0.5725886821746826,0.5378682278598644
0.6967499391285457,0.7013612985610962,0.7181598583613703,0.6506509045572139,0.6654419898986816,0.7064511179924011,0.7522535080382866
0.7825386413980077,0.7847303152084351,0.7146738968325266,0.7414339870948469,0.6480304002761841,0.7966954708099365,0.7295790354056315
0.7906592684860483,0.7943257689476013,0.7244172627349026,0.716357618457177,0.6643733978271484,0.8044131398200989,0.6708484341603941
0.7484521054732717,0.7509287595748901,0.7196788929556042,0.7233280092595087,0.6513122320175171,0.7609309554100037,0.46213177214013573
0.5882458773440574,0.5901873707771301,0.5964020492482457,0.5905049811722676,0.5717922449111938,0.5976629853248596,0.40405166806058923
0.4518803368443988,0.4574566185474396,0.4462264520830533,0.3445591766443455,0.4701860547065735,0.4578962028026581,0.25871201561193197
0.24219609560412844,0.24299801886081696,0.2690905284628294,0.26057066532218237,0.34622931480407715,0.24632981419563293,0.2565746677818047
0.11608229833984077,0.1173761710524559,0.11865143554811919,0.0793627659108068,0.16339945793151855,0.11699917912483215,0.0871666202025834
0.018832192891873413,0.018119681626558304,0.020589095938715718,0.002868734411331098,-0.002483874559402466,0.01712842285633087,0.01310287148034569
0.004020843660233739,0.0026166283059865236,0.00030543146178106006,0.003376858192975395,-0.0048629045486450195,0.002800479531288147,0.0
0.000927814213944613,-0.0003700425149872899,0.00028341040043778503,-0.0006532943270944597,-0.005139976739883423,-0.0004753097891807556,0.0
0.0009378202699633656,-0.00036266384995542467,0.00028341040043778503,-0.0006532943270944597,-0.005451768636703491,-0.0004702657461166382,0.0
0.001091664017010978,-0.00022083488875068724,0.00028341040043778503,-0.0003731870451070626,-0.005831807851791382,-0.0003124848008155823,0.0
0.0013079160704850665,0.00031260523246601224,3.5442267652443714e-06,-0.011438755726022503,-0.01942962408065796,-0.000512339174747467,0.0
0.0008284403879940041,-0.0005363252712413669,3.5442267652443714e-06,0.0012568155675047447,-0.0033045709133148193,-0.0004972591996192932,0.0
0.0010555714852366223,-0.00029660313157364726,3.5442267652443714e-06,0.0012568155675047447,-0.0023199915885925293,-0.00024575740098953247,0.0
0.0008222694865955395,-0.0005332062719389796,3.5442267652443714e-06,0.0012568155675047447,-0.002256244421005249,-0.00048582255840301514,0.0
0.0007734292300617827,-0.000566270318813622,3.5442267652443714e-06,0.0012568155675047447,-0.0004048943519592285,-0.0005048438906669617,0.0
0.0007939839771326615,-0.0005558881093747914,3.5442267652443714e-06,0.0012568155675047447,-0.0015783905982971191,-0.0005035400390625,0.0
0.0008528264244466322,-0.00032347964588552713,0.00010463157066569601,-0.002206441398291639,0.002054750919342041,-0.00045058131217956543,0.0
0.018155252595169546,0.015827719122171402,0.015609019321478427,0.04921528703204525,0.035751670598983765,0.018191009759902954,0.0
0.026710422552393687,0.02559303306043148,0.10378207642865406,0.09545206859088062,0.16448204219341278,0.025682076811790466,0.012545302481182049
0.05559107143228736,0.055107660591602325,0.0881450784773616,0.08195619363662665,0.15649625658988953,0.05592731758952141,0.04776507759501905
0.12384237736187899,0.12371055036783218,0.08836830300845377,0.10966366421836889,0.1920526772737503,0.12758365273475647,0.1223863953164204
0.06952873420808472,0.06917089968919754,0.09957720705875005,0.09081570984604866,0.15866848826408386,0.06996513903141022,0.15769909859678471
0.08525150781886649,0.08623436838388443,0.11402657951784832,0.0762675729702147,0.18232187628746033,0.08562620729207993,0.07861722888207415
0.08413164561604097,0.08573298156261444,0.12662525850612172,0.0662872785519914,0.18100373446941376,0.08363135159015656,0.052690270420964594
0.1122412922766147,0.11336486786603928,0.12983272191298448,0.10279331090484556,0.2308570146560669,0.11405397951602936,0.07880308521512872
0.296430706499583,0.301063597202301,0.15157032600826803,0.12835561696038625,0.34667423367500305,0.3057976961135864,0.05659325341511012
0.14751469445855023,0.14759284257888794,0.08852105597489747,0.13417331364116425,0.2803231477737427,0.15400142967700958,0.028436018957345974
0.08134253121860857,0.08334827423095703,0.1310626277020257,0.06197232745473985,0.20224153995513916,0.0808074101805687,0.0722981135582195
0.07818929911340554,0.07845035940408707,0.06920850783250411,0.06120253827099385,0.14753779768943787,0.07969173043966293,0.05603568441594647
0.026064492173981334,0.02534736506640911,0.01798450066210778,0.0073325360009533404,0.009253770112991333,0.025016650557518005,0.011708948982436577
0.0006985946050455477,-0.0007201632251963019,0.00026558248999400977,0.004569197496091217,0.005061089992523193,-0.00044064223766326904,0.0
0.00067674874913175,-0.0007408390520140529,0.0002414161905137369,0.004569197496091217,0.005285918712615967,-0.0004581958055496216,0.0
0.001427280195502711,2.3015396436676383e-05,0.0002414161905137369,0.004569197496091217,0.005382567644119263,0.0003192201256752014,0.0
0.0010428355582150258,-0.00036898977123200893,0.0002414161905137369,0.004569197496091217,0.005250900983810425,-8.03917646408081e-05,0.0
0.001239342441898323,3.748559538507834e-05,8.286676320475643e-06,-0.0011514460497968817,0.0033941268920898438,-3.829598426818848e-06,0.0
0.0012278805192155742,2.6690264348872006e-05,8.286676320475643e-06,-0.0011514460497968817,0.003489762544631958,-1.405179500579834e-05,0.0
0.001229768668149499,3.053862747037783e-05,8.286676320475643e-06,-0.0011514460497968817,0.003705054521560669,-8.441507816314697e-06,0.0
0.0012540779593407608,5.588981002802029e-05,8.286676320475643e-06,-0.0011514460497968817,0.0037763118743896484,1.7896294593811035e-05,0.0
0.0012666350715500477,7.153824117267504e-05,8.286676320475643e-06,-0.0011514460497968817,0.004098087549209595,3.6343932151794434e-05,0.0
0.0015725628399817341,0.00038441381184384227,8.286676320475643e-06,-0.0011514460497968817,0.004306823015213013,0.0003561079502105713,0.0
0.0026053172030229563,0.0015798542881384492,0.003925884376066327,-0.0023514939103951573,0.006497889757156372,0.001242905855178833,0.0
0.0537328539429783,0.04948389530181885,0.12464723526739137,0.16898481039791266,0.04556521773338318,0.05192165821790695,0.014125081312145711
0.4216055268902631,0.42428985238075256,0.4949532790717579,0.37419883160007905,0.22692659497261047,0.42058947682380676,0.09283523836074715
0.5250298849849815,0.5286014676094055,0.5810173126591771,0.4896270738021799,0.4563368856906891,0.5292463898658752,0.4060031595576619
0.6779261469913853,0.6813257932662964,0.613584615228623,0.6154881488320652,0.6413193941116333,0.6911489367485046,0.6255924170616115
0.41305723830909324,0.4099780321121216,0.719675426472931,0.7463598222292442,0.7549833059310913,0.4164472818374634,0.7588514078617229
0.7973218601170173,0.8012696504592896,0.7234597606698674,0.7178548466830262,0.6922179460525513,0.8118487000465393,0.8147941641111421
0.7852490292552703,0.7894936800003052,0.7261469879974611,0.7049547621812702,0.6843525171279907,0.798861563205719,0.7752996933370504
0.6964884657875089,0.6990253329277039,0.7271892420000818,0.7083495744929936,0.6709538698196411,0.7068993449211121,0.7700027878449959
0.7165941181772219,0.7199562788009644,0.6209527757181436,0.638248781228228,0.6503543257713318,0.7313274145126343,0.694545116624849
0.5511614424384023,0.5545088648796082,0.5038410832347548,0.48016824761753985,0.5125354528427124,0.5608879327774048,0.4481925471610446
0.33133745997379116,0.33119675517082214,0.3104694076826143,0.3483013389504175,0.37407222390174866,0.33851221203804016,0.3016448285475328
0.12780056902417947,0.12611842155456543,0.1341778047843538,0.1693720650172399,0.1753661185503006,0.13021773099899292,0.14961434810891183
0.01695990399796397,0.016414502635598183,0.02069665481025755,0.006782275760773674,0.03680598735809326,0.01592843234539032,0.05185391692221913
0.0009645288941198856,-0.0003360351547598839,0.0002528225353245335,0.0015747190376741587,0.004468739032745361,-0.00023101270198822021,9.292816652727442e-05
0.0015778621269251399,0.0002906054141931236,0.0002528225353245335,0.0015747190376741587,0.0048178136348724365,0.00040888041257858276,0.0
0.0013725841400606844,7.397227454930544e-05,0.0002528225353245335,0.0015747190376741587,0.00393068790435791,0.00018162280321121216,0.0
0.001118787161458821,-0.0001777181023498997,0.0002528225353245335,0.0015747190376741587,0.004635989665985107,-6.872415542602539e-05,0.0
0.0010479943308321297,-0.00045115186367183924,0.0,0.002289676387812033,-0.014107882976531982,-0.00043448060750961304,0.0
0.0009542996075553561,-0.0005198975559324026,0.0,0.002289676387812033,-0.011149615049362183,-0.0004810541868209839,0.0
0.0010005750881451594,-0.0004991360474377871,0.0,0.002289676387812033,-0.01408308744430542,-0.00048307329416275024,0.0
0.0010078266803481611,-0.0004898787010461092,0.0,0.002289676387812033,-0.013872653245925903,-0.00047200173139572144,0.0
0.0010055522878545465,-0.0004891445278190076,0.0,0.002289676387812033,-0.013532638549804688,-0.0004685744643211365,0.0
0.0010040558520956638,-0.00048771349247545004,0.0,0.002289676387812033,-0.01320311427116394,-0.0004645213484764099,0.0
0.0011442489932616238,-0.00031058888998813927,7.520072048235784e-05,0.0009848392833086681,-0.0153123140335083,-0.0003835335373878479,0.0
0.01600049045773138,0.013813481666147709,0.03904775713531587,0.05153433855244262,0.01359778642654419,0.014460533857345581,0.03949447077409163
0.09635375251210185,0.09758918732404709,0.13937829862433898,0.08492870175754438,0.17207050323486328,0.09582360088825226,0.21113279434996748
0.38141983731765317,0.3881608545780182,0.31566870221896765,0.20337658877262405,0.39316460490226746,0.38764238357543945,0.4277483505250442
0.5387937636887132,0.5429847240447998,0.5214730529911177,0.4762894673675121,0.5731194019317627,0.548181414604187,0.6165783849084657
0.7116701300478583,0.7174304723739624,0.5512019534692033,0.5552782661647483,0.7132501602172852,0.7292417883872986,0.7521605798717591
0.6967525293528062,0.6975780725479126,0.5517373212799713,0.6725204819036283,0.7104202508926392,0.7159331440925598,0.8166527274416877
0.6494620680400428,0.6505619883537292,0.6894112082973177,0.7168847595339793,0.7197059392929077,0.6611647009849548,0.7620109655236501
0.4522639157197685,0.4526155889034271,0.707910236751677,0.6583458665629034,0.6999553442001343,0.45498406887054443,0.6063562865904656
0.697795588927369,0.7032638788223267,0.6597543309911487,0.6055495784081718,0.688471794128418,0.7099980115890503,0.4255180745283896
0.15522026432714175,0.15536263585090637,0.4102426478216115,0.3527834301208851,0.5298963785171509,0.1542230099439621,0.43982901217358983
0.3328752971086378,0.33290421962738037,0.287774471544405,0.3449363127274786,0.42567944526672363,0.34204891324043274,0.28147941641111424
0.0868447244985001,0.08309908956289291,0.10970056102360524,0.1948925015571613,0.1889008730649948,0.0898120105266571,0.1272186599758387
0.026585336778008443,0.026530440896749496,0.01885019684587022,-0.0017470162948751834,0.03988921642303467,0.0258631631731987,0.023603754297927704
0.0011998456551040684,-0.00017751616542227566,0.00029398233845295244,0.0003788888684566088,-0.009949982166290283,-0.00025715678930282593,0.0
0.0014283745385461574,6.151065463200212e-05,0.00028006710525523666,0.0003788888684566088,-0.00917065143585205,-7.0035457611083984e-06,0.0
0.0013649197875766862,-1.979184162337333e-06,0.00028006710525523666,0.0003788888684566088,-0.009057015180587769,-7.066130638122559e-05,0.0
0.001048696043249564,-0.00032524604466743767,0.0002832827398485266,0.0003788888684566088,-0.009264469146728516,-0.0004012063145637512,0.0
0.0007481725946286501,-0.0005631952080875635,4.110426649910993e-05,0.0022199557297317464,0.007004916667938232,-0.0003889501094818115,0.0
0.0007445814027859991,-0.0005679473397321999,4.1084959675488325e-06,0.0022199557297317464,0.006964296102523804,-0.0003915056586265564,0.0
0.0008253619152359744,-0.0003146159870084375,4.1084959675488325e-06,-0.0020955824974686135,0.00687718391418457,-0.00038993358612060547,0.0
0.0008235087403647144,-0.0003160046471748501,4.1084959675488325e-06,-0.0020955824974686135,0.006932467222213745,-0.0003909096121788025,0.0
0.0008282703188788321,-0.0003148193936794996,4.1084959675488325e-06,-0.0020955824974686135,0.006524473428726196,-0.0003929212689399719,0.0
0.000828722235927035,-0.0003157532191835344,4.1084959675488325e-06,-0.0020955824974686135,0.006368964910507202,-0.0003950968384742737,0.0
0.0017993085507277346,0.0004660807317122817,0.0001644747158024486,-0.0034791438835111493,-0.023008018732070923,7.510930299758911e-05,0.0
0.004318178335817713,0.001542622223496437,0.018215029103417,0.04960775767197177,0.007327258586883545,0.0032827556133270264,0.0
0.09784035022859901,0.09845404326915741,0.10086248801608627,0.08004756465769802,0.16389741003513336,0.09905291348695755,0.02100176563516402
0.08990995714830544,0.09041142463684082,0.13217611412119734,0.1268976718662197,0.3047991394996643,0.09256049990653992,0.0911625313632562
0.08652853213556938,0.08496662229299545,0.21591605468827274,0.24288424459727836,0.41039878129959106,0.08884191513061523,0.23566583031316793
0.27563467424278787,0.2762070894241333,0.2748759204575915,0.30368081835691274,0.4375598430633545,0.28295987844467163,0.8064306291236875
0.14892096285716788,0.14912651479244232,0.3636692891246376,0.2907091890329606,0.3761104345321655,0.1462661325931549,0.6013381655979928
0.15059309027202714,0.14912495017051697,0.3875194326289189,0.34112810585976067,0.3574197590351105,0.14742618799209595,0.740265774556268
0.6330400191347272,0.6406310796737671,0.3740885801170075,0.3300181986295113,0.45526307821273804,0.648224949836731,0.5653749651519375
0.21900609208380756,0.21950210630893707,0.34703576309469897,0.30872774714954,0.39585214853286743,0.22021004557609558,0.5917665644456835
0.20723572085214875,0.20986559987068176,0.2936461126182364,0.22092197069433434,0.38402318954467773,0.20887108147144318,0.22971842765542236
0.06904191664731867,0.06732816994190216,0.20531737266146483,0.19548301576020236,0.23857100307941437,0.06749263405799866,0.13047114580429325
0.07472920932657186,0.07438672333955765,0.09941660714636441,0.09182478862536131,0.15559259057044983,0.07531507313251495,0.058080104079546516
0.004369767477755915,0.0030098282732069492,0.0184076360414625,0.015617832660892445,0.01361057162284851,0.0027996450662612915,0.004646408326363721
0.0008562439075493968,-0.00042637408478185534,0.0002636909636760923,0.0014702966628113564,0.006183713674545288,-0.00031628459692001343,0.0
0.0008675062977921974,-0.00041448426782153547,0.0003006867342076533,0.0014702966628113564,0.006150573492050171,-0.0003070533275604248,0.0
0.0008727308682788184,-0.0004093254392500967,0.0003006867342076533,0.0014702966628113564,0.006133556365966797,-0.00030194222927093506,0.0
0.0008975099169655357,-0.0003845107858069241,0.0003006867342076533,0.0014702966628113564,0.00609162449836731,-0.0002770423889160156,0.0
0.001957122891482494,0.0007492575095966458,3.402742930494956e-06,0.00013280805269951673,0.007117360830307007,0.0008255466818809509,0.0
0.0020068860433155164,0.0007985278498381376,3.402742930494956e-06,0.00013280805269951673,0.00697016716003418,0.0008744820952415466,0.0
0.0019604256113114208,0.0007511884323321283,3.402742930494956e-06,0.00013280805269951673,0.006958127021789551,0.0008262544870376587,0.0
0.0019690564700108465,0.0007605934515595436,3.402742930494956e-06,0.00013280805269951673,0.007028549909591675,0.0008363723754882812,0.0
0.0019570284482225836,0.000747794983908534,3.402742930494956e-06,0.00013280805269951673,0.006964832544326782,0.0008228570222854614,0.0
0.0019425628614437253,0.0007333006942644715,3.402742930494956e-06,0.00013280805269951673,0.006988435983657837,0.0008083060383796692,0.0
0.002158195194796978,0.0007679039845243096,0.00024246870483638945,0.004793448530415893,0.006583362817764282,0.0010992512106895447,0.0
0.050142799786426696,0.049359820783138275,0.03928095105817688,0.049423321060168696,0.09714952111244202,0.05111999809741974,0.0439550227674008
0.13482936514357477,0.13567522168159485,0.2043865079174205,0.15232339628020014,0.21247230470180511,0.13429108262062073,0.1714524672428213
0.4259172943609413,0.4309801161289215,0.32980670066569545,0.29357385454243107,0.4931858777999878,0.4363117516040802,0.5191896663878822
0.11447163193135348,0.11133278161287308,0.4093392680150373,0.4140640179778626,0.5137549042701721,0.1130170151591301,0.4662206114673358
0.6630791857005565,0.6665787696838379,0.4965863134086691,0.5338065759298447,0.576932430267334,0.6790260672569275,0.5136139763962457
0.6971187075607419,0.7004221081733704,0.5207443245693022,0.5777854521640654,0.6338589191436768,0.7147917151451111,0.5351733110305735
0.8348816479734924,0.8399865627288818,0.5344113980227073,0.6076032621852394,0.6819474101066589,0.8578787446022034,0.5686274509803921
0.6831771066555654,0.6877256035804749,0.5251926986026704,0.5463165744123519,0.6487789154052734,0.6998261213302612,0.6903633491311216
0.7025904146241946,0.7110611796379089,0.5138268199174123,0.4389466450853083,0.5982683300971985,0.7175998687744141,0.5226280085493913
0.532758028387214,0.5433992147445679,0.3381796225421324,0.18665045362116472,0.42363104224205017,0.5431526899337769,0.31233156769816933
0.2985339249165774,0.30347007513046265,0.2921453024684752,0.20661113316437432,0.4119853079319,0.3035231828689575,0.22479323482947683
0.11643361784406259,0.1173548549413681,0.11972377550128313,0.10062227860907447,0.2133389413356781,0.11855374276638031,0.15751324226373015
0.025877800426331112,0.02563394047319889,0.018940020800283276,0.0016332132944914997,0.034945279359817505,0.025106340646743774,0.033454139949818794
0.002138272178641362,0.0008816758054308593,0.000285609623698726,0.0016332132944914997,0.007389038801193237,0.0010312870144844055,0.0
0.0034874020912312193,0.002252638339996338,0.0002587422445606604,0.0016332132944914997,0.007386326789855957,0.0024270862340927124,0.0
0.001986216337873684,0.0007267451728694141,0.0002587422445606604,0.0016332132944914997,0.007409632205963135,0.0008758082985877991,0.0
0.0025492083778694136,0.0012991054682061076,0.0002587422445606604,0.0016332132944914997,0.007412314414978027,0.0014577805995941162,0.0
