Weather,Capacity,Company,BestPosition,BestFitness,BeforeOptimalPrice,BeforePrice
spring,1000,48,"[0, 0, 0, 0, 0, 0, 0, 0, 0, 0, 0, 104.94546736583712, 0, 132.92096716450652, 7.256726598372367, 0, 1332.5489930064095, 58.9719509363026, 0, 0, 0, 0, 0, 0]",3275745.502955444,3293788.3900075406,3501602.3894553017
spring,3000,48,"[0, 0, 0, 0, 0, 0, 0, 0, 0, 0, 0, 1715.778019178082, 0, 929.2935976532447, 0, 1766.460676712329, 121.88199682472123, 376.51802484590866, 0, 0, 0, 0, 0, 0]",2824031.72995573,2878160.3911120184,3501602.3894553017
spring,5000,48,"[0, 0, 0, 0, 0, 0, 0, 0, 0, 0, 0, 1607.9846661313827, 0, 1691.1316602739726, 1788.9660000000001, 1766.460676712329, 749.269275545675, 579.4082466937829, 0, 0, 0, 0, 0, 0]",2372317.956956016,2462532.392216496,3501602.3894553017
spring,7000,48,"[0, 0, 0, 0, 0, 0, 0, 0, 10.410309787869043, 0, 0, 1715.778019178082, 1199.662841928927, 1691.1316602739726, 1788.9660000000001, 1766.460676712329, 1734.623802739726, 1542.8205369863017, 0, 4.31971850718751, 0, 2.3351693856063878, 0, 0]",1957957.7347723157,2046904.3933209737,3501602.3894553017
spring,9000,48,"[0, 0, 0, 0, 0, 0, 0, 0, 0, 1206.190149349306, 1719.1622092657535, 1715.778019178082, 1558.0823589041097, 1691.1316602739726, 1788.9660000000001, 1766.460676712329, 1734.623802739726, 1542.8205369863017, 5.242633807409413, 1.338898425866095, 0, 0, 0, 0]",1606733.9098239874,1631276.3944254515,3501602.3894553017
spring,1000,6,"[0, 0, 0, 0, 0, 0, 0, 0, 0, 0, 0, 25.718879170182934, 0, 70.25802504394969, 1055.1528579187016, 47.91446367861701, 113.6915958637676, 323.9082833962092, 0, 0, 0, 0, 0, 0]",3294135.5545960325,3312178.441648129,3519992.4410958905
spring,3000,6,"[0, 0, 0, 0, 0, 0, 0, 0, 0, 0, 0, 0, 0, 1724.5795068493153, 1733.7698630136988, 0, 1300.3122329493356, 151.27071240193564, 0, 0, 0, 0, 0, 0]",2842421.7815963184,2896550.4427526067,3519992.4410958905
spring,5000,6,"[0, 0, 0, 0, 0, 0, 0, 0, 0, 0, 0, 1675.6037260273974, 0, 1724.5795068493153, 1733.7698630136988, 23.08772979844841, 1679.2786849315069, 1346.9010147367749, 0, 0, 0, 0, 0, 0]",2390708.008596604,2480922.4438570845,3519992.4410958905
spring,7000,6,"[0, 0, 0, 0, 0, 0, 0, 0, 0, 32.263303622473046, 0, 1675.6037260273974, 1335.836920322866, 1724.5795068493153, 1733.7698630136988, 1749.5585753424657, 1679.2786849315069, 1525.2233424657536, 0.24236164708865465, 0, 0, 0.15245127743663814, 0, 0]",1981007.0332287946,2065294.4449615623,3519992.4410958905
spring,9000,6,"[0, 0, 0, 0, 0, 0, 0, 0, 0, 1319.1498621450603, 1658.1521095890412, 1675.6037260273974, 1630.1727123287674, 1724.5795068493153, 1733.7698630136988, 1749.5585753424657, 1679.2786849315069, 1525.2233424657536, 5.970210806293742, 28.338352143555987, 0, 0, 0, 0]",1629783.2082804665,1649666.44606604,3519992.4410958905
spring,1000,41,"[0, 0, 0, 0, 0, 0, 0, 0, 0, 0, 0, 0, 0, 344.1987352321663, 0, 666.3227418483359, 524.5107535131084, 101.61187447781738, 0, 0, 0, 0, 0, 0]",3252764.7327381214,3270807.619790218,3478621.619237979
spring,3000,41,"[0, 0, 0, 0, 0, 0, 0, 0, 0, 0, 0, 1079.578366971574, 0, 1561.0000438356165, 0, 1550.5592547945207, 551.4145278012596, 167.380121811315, 0, 0, 0, 0, 0, 0]",2801050.9597384073,2855179.6208946956,3478621.619237979
spring,5000,41,"[0, 0, 0, 0, 0, 0, 0, 0, 0, 0, 0, 1516.1433401815073, 0, 1561.0000438356165, 1568.0481534246576, 1550.5592547945207, 1526.694927013593, 460.7748061072464, 0, 0, 0, 0, 0, 0]",2349337.1867386936,2439551.621999174,3478621.619237979
spring,7000,41,"[0, 0, 0, 0, 0, 0, 0, 0, 0, 0, 598.6299133879567, 1528.3923287671232, 1560.9041753424658, 1561.0000438356165, 1568.0481534246576, 1550.5592547945207, 1549.1336547945207, 1538.5952219178084, 0.12558986642115158, 0, 1.1203993689114191, 0, 0, 0]",1963959.3621325274,2023923.6231036517,3478621.619237979
spring,9000,41,"[0, 0, 0, 0, 0, 0, 0, 0, 0, 1126.02338630137, 1523.8510027397263, 1528.3923287671232, 1560.9041753424658, 1561.0000438356165, 1568.0481534246576, 1550.5592547945207, 1549.1336547945207, 1538.5952219178084, 252.04619695807466, 0, 0, 971.2435267669721, 0, 0]",1612735.5371841993,1608295.624208129,3478621.619237979
spring,1000,17,"[0, 0, 0, 0, 0, 0, 0, 0, 0, 0, 0, 0, 0, 0, 1139.2551279829945, 0, 383.72604347263814, 113.66293361579464, 0, 0, 0, 0, 0, 0]",2719182.3883631565,2737225.2754152524,2945039.274863014
spring,3000,17,"[0, 0, 0, 0, 0, 0, 0, 0, 0, 0, 0, 151.02865439138708, 0, 1274.9533150684933, 1244.9548724739316, 726.8802018348409, 1234.9357457833505, 277.1795256622822, 0, 0, 0, 0, 0, 0]",2267468.615363442,2321597.27651973,2945039.274863014
spring,5000,17,"[0, 0, 0, 0, 0, 0, 0, 0, 157.46633685294537, 206.9588654853366, 325.22567756519334, 1263.7331506849314, 0, 1274.9533150684933, 1273.6987397260273, 1256.9424657534246, 1241.3697534246576, 1182.8722191780823, 0, 0, 1.6180489519233555e-06, 0, 0, 0]",1836927.1244264392,1905969.277624208,2945039.274863014
spring,7000,17,"[0, 0, 0, 0, 0, 0, 0, 0, 0, 841.3102065193802, 1261.6175342465756, 1263.7331506849314, 1246.536, 1274.9533150684933, 1273.6987397260273, 1256.9424657534246, 1241.3697534246576, 1182.8722191780823, 0, 613.4753508984307, 0, 0, 0, 0]",1485703.29947811,1490341.278728686,2945039.274863014
spring,9000,17,"[0, 0, 0, 0, 0, 0, 0, 0, 132.1272694926082, 1245.615780821918, 1261.6175342465756, 1263.7331506849314, 1246.536, 1274.9533150684933, 1273.6987397260273, 1256.9424657534246, 1241.3697534246576, 1182.8722191780823, 909.3600000000001, 619.7641768872451, 722.7537534246576, 595.7664657534247, 0, 474.5520000000001]",1148175.707192483,1074713.2798331636,2945039.274863014
spring,1000,28,"[0, 0, 0, 0, 0, 0, 0, 0, 0, 0, 0, 0, 0, 172.966425740798, 213.75665338662432, 0, 857.770890297092, 392.15013564691276, 0, 0, 0, 0, 0, 0]",5678174.718935759,5696217.605987855,5904031.605435617
spring,3000,28,"[0, 0, 0, 0, 0, 0, 0, 0, 0, 0, 0, 0, 0, 0, 1743.4600161215706, 2195.4417534246577, 842.8272421624748, 128.20330350558183, 0, 0, 0, 0, 0, 0]",5226460.945936045,5280589.607092334,5904031.605435617
spring,5000,28,"[0, 0, 0, 0, 0, 0, 0, 0, 0, 0, 0, 909.0645506374794, 0, 2203.41895890411, 153.98477553058314, 2195.4417534246577, 2156.5010746060743, 564.8094122542373, 0, 0, 0, 0, 0, 0]",4774747.172936331,4864961.60819681,5904031.605435617
spring,7000,28,"[0, 0, 0, 0, 0, 0, 0, 0, 0, 0, 0, 2156.2220712328767, 0, 2203.41895890411, 2207.357852054795, 521.7034313904107, 2181.802389041096, 2186.0040328767127, 0, 0, 0, 0, 0, 0]",4323033.399936616,4449333.60930129,5904031.605435617
spring,9000,28,"[0, 0, 0, 0, 0, 0, 0, 0, 0, 0, 0, 2156.2220712328767, 1599.0524719601392, 2203.41895890411, 2207.357852054795, 2195.4417534246577, 2181.802389041096, 2186.0040328767127, 0.49734007274390224, 0, 7.607572507321488e-05, 0, 0, 0]",3920425.808501836,4033705.6104057673,5904031.605435617
spring,1000,15,"[0, 0, 0, 0, 0, 0, 0, 0, 0, 0, 0, 3.838190988717952, 0, 9.062312921817602, 0, 1410.7328384795778, 145.63807882852907, 67.372683852784, 0, 0, 0, 0, 0, 0]",5463625.140046858,5481668.027098955,5689482.026546716
spring,3000,15,"[0, 0, 0, 0, 0, 0, 0, 0, 0, 0, 0, 8.228381521947577, 0, 0, 1839.9217801312461, 1896.5639393205483, 742.5714395126588, 422.6467747278851, 0, 0, 0, 0, 0, 0]",5011911.367047143,5066040.028203432,5689482.026546716
spring,5000,15,"[0, 0, 0, 0, 0, 0, 0, 0, 0, 0, 0, 512.4864474554138, 0, 1868.254236547945, 1839.9777860383563, 1896.5639393205483, 1870.3053654136988, 195.63275058117802, 0, 0, 0, 0, 0, 0]",4560197.59404743,4650412.02930791,5689482.026546716
spring,7000,15,"[0, 0, 0, 0, 0, 0, 0, 0, 0, 0, 0, 1846.7419683835615, 254.21848363150437, 1868.254236547945, 1839.9777860383563, 1896.5639393205483, 1870.3053654136988, 1880.4469561643834, 0, 0, 0, 0, 0, 0]",4116288.3284952035,4234784.030412389,5689482.026546716
spring,9000,15,"[0, 0, 0, 0, 0, 0, 0, 0, 0, 0, 1673.666785863759, 1846.7419683835615, 1853.1152020273976, 1868.254236547945, 1839.9777860383563, 1896.5639393205483, 1870.3053654136988, 1880.4469561643834, 0.7247058832031216, 0, 0, 0, 0, 0]",3765064.503546875,3819156.0315168668,5689482.026546716
spring,1000,1,"[0, 0, 0, 0, 0, 0, 0, 0, 0, 0, 0, 0, 0, 672.7964843051568, 0, 29.35598064130152, 621.482410331918, 313.0092297930512, 0, 0, 0, 0, 0, 0]",21452737.313538495,21470780.200590596,21678594.200038355
spring,3000,1,"[0, 0, 0, 0, 0, 0, 0, 0, 0, 0, 0, 0, 0, 2823.150455252083, 224.45585010375552, 1059.6772524120413, 623.2072928418736, 179.4414646045314, 0, 0, 0, 0, 0, 0]",21001023.54053878,21055152.201695073,21678594.200038355
spring,5000,1,"[0, 0, 0, 0, 0, 0, 0, 0, 0, 0, 0, 12.676613824737826, 0, 0, 6122.066681422998, 1175.8629153197412, 526.2369410093019, 346.377373780362, 0, 0, 0, 0, 0, 0]",20549309.76753907,20639524.20279955,21678594.200038355
spring,7000,1,"[0, 0, 0, 0, 0, 0, 0, 0, 0, 0, 0, 0, 0, 5603.3826862938795, 1879.4310453820162, 1993.2001112464393, 734.7571522338131, 1245.7377403438509, 0, 0, 0, 0, 0, 0]",20097595.994539354,20223896.20390403,21678594.200038355
spring,9000,1,"[0, 0, 0, 0, 0, 0, 0, 0, 0, 0, 0, 0, 0, 6867.535956164383, 0, 4844.155066725816, 115.14414210596485, 2902.961780646689, 0, 0, 0, 0, 0, 0]",19645882.22153964,19808268.205008507,21678594.200038355
spring,1000,50,"[0, 0, 0, 0, 0, 0, 0, 0, 0, 0, 0, 0, 0, 833.800599358904, 105.08589480392719, 0, 622.3054390168838, 75.4521718917131, 0, 0, 0, 0, 0, 0]",2487800.5319352937,2505843.418987389,2713657.4184351503
spring,3000,50,"[0, 0, 0, 0, 0, 0, 0, 0, 0, 0, 0, 824.6108148723288, 0, 833.800599358904, 813.9143263243836, 821.1390308964383, 870.0361643835618, 746.4313793786689, 0, 0, 0, 0, 0, 0]",2036086.7589355793,2090215.4200918672,2713657.4184351503
spring,5000,50,"[0, 0, 0, 0, 0, 0, 0, 0, 0, 605.795714802319, 820.2065275221918, 824.6108148723288, 845.1870904109591, 833.800599358904, 813.9143263243836, 821.1390308964383, 870.0361643835618, 970.1986191780821, 0, 0.030840304253064246, 0, 778.3007973037196, 0, 0]",1677993.2797254084,1674587.421196345,2713657.4184351503
spring,7000,50,"[0, 0, 0, 0, 0, 0, 0, 0, 42.57804737276511, 828.9520362849315, 820.2065275221918, 824.6108148723288, 845.1870904109591, 833.800599358904, 813.9143263243836, 821.1390308964383, 870.0361643835618, 970.1986191780821, 338.0591556055557, 1141.611484931507, 1164.7832547945206, 1141.431583561644, 0, 0]",1326769.4547773192,1258959.4223008228,2713657.4184351503
spring,9000,50,"[0, 0, 0, 0, 0, 0, 0, 0, 300.815570468191, 828.9520362849315, 820.2065275221918, 824.6108148723288, 0, 833.800599358904, 813.9143263243836, 821.1390308964383, 0, 970.1986191780821, 1073.5756273972602, 826.7959533500891, 1164.7832547945206, 0, 0, 0]",1587148.5320668083,843331.4234053008,2713657.4184351503
spring,1000,58,"[0, 0, 0, 0, 0, 0, 0, 0, 0, 0, 0, 6.522590122952096, 0, 418.72822245298516, 0, 927.9857095890411, 0.007064682621941318, 283.4005182238278, 0, 0, 0, 0, 0, 0]",2229532.1858175057,2247575.0728696017,2455389.0723173628
spring,3000,58,"[0, 0, 0, 0, 0, 0, 0, 0, 0, 0, 0, 930.0539835616439, 0, 938.6452887738512, 952.1765260273974, 927.9857095890411, 939.2413808219179, 221.8294264404344, 0, 0, 0, 0, 0, 0]",1777818.4128177916,1831947.07397408,2455389.0723173628
spring,5000,58,"[0, 0, 0, 0, 0, 0, 0, 0, 60.611679056396255, 648.2627915734896, 912.6449753424658, 930.0539835616439, 942.660690410959, 938.8969643835617, 952.1765260273974, 927.9857095890411, 939.2413808219179, 929.9847452054796, 0.6881045694910078, 0, 0, 0.012974815298495347, 0, 0]",1404846.493142158,1416319.0750785577,2455389.0723173628
spring,7000,58,"[0, 0, 0, 0, 0, 0, 0, 0, 154.07243057364212, 917.5054974487672, 912.6449753424658, 930.0539835616439, 942.660690410959, 938.8969643835617, 920.068745031966, 927.9857095890411, 939.2413808219179, 929.9847452054796, 693.2364002715861, 601.9682681769114, 739.339594520548, 706.169095890411, 0, 0]",1076355.9683536782,1000691.076183035,2455389.0723173628
spring,9000,58,"[0, 0, 0, 0, 0, 0, 0, 0, 300.815570468191, 917.5054974487672, 912.6449753424658, 0, 942.660690410959, 0, 952.1765260273974, 927.9857095890411, 0, 929.9847452054796, 825.6389917808219, 540.9649264677092, 739.339594520548, 0, 555.8419726027398, 0]",1464685.5022442716,585063.077287513,2455389.0723173628
summer,1000,48,"[0, 0, 0, 0, 0, 0, 0, 0, 0, 0, 0, 0.07546563682073648, 0, 0, 42.95853442538588, 778.7645139203657, 164.70108171931122, 530.6106089894222, 0.059469947295765976, 0.24240581408272752, 11.466924951012597, 0, 0, 0]",4568020.39104426,4616280.7773433225,4903101.777893508
summer,3000,48,"[0, 0, 0, 0, 0, 0, 0, 0, 0, 0, 0, 0, 0, 1691.1316602739726, 3.2812010740483966, 868.1793095738268, 1733.827058300505, 254.91138485156907, 34.75598758144321, 0, 0, 0.5504145557247019, 0, 0]",3897857.61734577,4042638.7762429537,4903101.777893508
summer,5000,48,"[0, 0, 0, 0, 0, 0, 0, 0, 0, 0, 0, 393.95976234608577, 0, 1691.1316602739726, 1783.8605170385142, 1766.460676712329, 467.87969373728396, 1482.258713348353, 56.56140785199206, 2.07537380134523, 0, 0.20722190860710918, 0, 0]",3227694.843647279,3468996.775142585,4903101.777893508
summer,7000,48,"[0, 0, 0, 0, 0, 0, 0, 0, 0, 334.23169912332514, 0, 1715.778019178082, 0, 1691.1316602739726, 1788.9660000000001, 1766.460676712329, 1734.623802739726, 1542.8205369863017, 0, 0, 128.14064281214354, 0, 0, 0]",2588729.3094522804,2895354.774042217,4903101.777893508
summer,9000,48,"[0, 0, 0, 0, 0, 0, 0, 0, 0, 676.953171336288, 1719.1622092657535, 1715.778019178082, 0, 1691.1316602739726, 1788.9660000000001, 1766.460676712329, 1734.623802739726, 1542.8205369863017, 1117.7851068493153, 0, 6.229865291504201, 0, 0, 0]",2167676.031364102,2321712.7729418483,4903101.777893508
summer,1000,6,"[0, 0, 0, 0, 0, 0, 0, 0, 0, 0, 0, 0, 0, 2.2656580789028755, 841.6379152866521, 113.99748004874282, 140.00488897966036, 419.2042622973498, 11.768800712388659, 0, 0, 0, 0, 0]",4566091.493835686,4614351.880134747,4901172.880684932
summer,3000,6,"[0, 0, 0, 0, 0, 0, 0, 0, 0, 0, 0, 0, 0, 1724.5795068493153, 18.789967268251818, 0, 1679.2786849315069, 1128.6824550248489, 35.306402137167275, 0, 0, 0, 0, 0]",3895928.7201371943,4040709.8790343786,4901172.880684932
summer,5000,6,"[0, 0, 0, 0, 0, 0, 0, 0, 0, 0, 0, 1622.88296524601, 0, 0, 1733.7698630136988, 1024.3961677995683, 1679.2786849315069, 1525.2233424657536, 0, 0, 58.84400356194467, 0, 0, 0]",3225765.9464387037,3467067.8779340093,4901172.880684932
summer,7000,6,"[0, 0, 0, 0, 0, 0, 0, 0, 0, 444.77203427029434, 0, 1675.6037260273974, 0, 1724.5795068493153, 1733.7698630136988, 1749.5585753424657, 1679.2786849315069, 1525.2233424657536, 169.09980465848872, 0, 0.2675002669592332, 0, 0, 0]",2599260.4827187727,2893425.8768336405,4901172.880684932
summer,9000,6,"[0, 0, 0, 0, 0, 0, 0, 0, 0, 1513.3137534246578, 1658.1521095890412, 1675.6037260273974, 0, 1724.5795068493153, 1733.7698630136988, 1749.5585753424657, 1679.2786849315069, 1525.2233424657536, 500.4314869894342, 0, 0, 0, 0, 0]",2178207.204630595,2319783.875733272,4901172.880684932
summer,1000,41,"[0, 0, 0, 0, 0, 0, 0, 0, 0, 0, 0, 102.43529687745841, 0, 0.5407568867817126, 7.50818519861214, 5.160527073677156, 760.5614883015897, 640.9039503531761, 11.768800712401685, 0, 0, 0, 0, 0]",4504281.733079145,4552542.119378205,4839363.119928391
summer,3000,41,"[0, 0, 0, 0, 0, 0, 0, 0, 0, 0, 0, 1528.3923287671232, 0, 0, 1568.0481534246576, 359.88634473208174, 15.33310288759521, 1079.670684262463, 34.720362066888256, 0, 0.5815089416938797, 0.004531128587748601, 0, 0]",3834118.959380653,3978900.118277837,4839363.119928391
summer,5000,41,"[0, 0, 0, 0, 0, 0, 0, 0, 0, 0, 0, 1528.3923287671232, 0, 587.5874698494328, 1568.0481534246576, 923.2199562608961, 1549.1336547945207, 1429.1694603599092, 55.38406188766965, 3.4599416742752815, 0, 0, 0, 0]",3163956.1856821626,3405258.1171774687,4839363.119928391
summer,7000,41,"[0, 0, 0, 0, 0, 0, 0, 0, 0, 0, 1237.2782411840976, 1528.3923287671232, 0, 1561.0000438356165, 1568.0481534246576, 1550.5592547945207, 1549.1336547945207, 1538.5952219178084, 149.17888340824624, 19.967255699289097, 0, 0, 0, 0]",2602497.3238362046,2831616.1160771,4839363.119928391
summer,9000,41,"[0, 0, 0, 0, 0, 0, 0, 0, 708.459287671233, 926.1311393975187, 1136.8585271414884, 1528.3923287671232, 1560.9041753424658, 1561.0000438356165, 1568.0481534246576, 1550.5592547945207, 1549.1336547945207, 1538.5952219178084, 127.57281079177702, 0, 0, 4.2564507545418415, 0, 0]",2181444.0457480266,2257974.114976731,4839363.119928391
summer,1000,17,"[0, 0, 0, 0, 0, 0, 0, 0, 0, 0, 0, 96.8971164955348, 0, 50.92499945118959, 0, 24.577956853416588, 161.83791271308442, 1182.8722191780823, 11.768800712388868, 0, 0, 0, 0, 0]",3679716.556479521,3727976.9427785836,4014797.943328767
summer,3000,17,"[0, 0, 0, 0, 0, 0, 0, 0, 0, 0, 0, 360.55213620629667, 0, 0, 1273.6987397260273, 1256.9424657534246, 1241.3697534246576, 418.7675189635176, 35.30637355621706, 2.858094848973956e-05, 0, 0, 0, 0]",3009553.78278103,3154334.9416782144,4014797.943328767
summer,5000,17,"[0, 0, 0, 0, 0, 0, 0, 0, 0, 0, 0, 1263.7331506849314, 0, 1274.9533150684933, 1273.6987397260273, 1256.9424657534246, 1241.3697534246576, 1182.8722191780823, 141.58231137134445, 8.545964278349429, 0, 0.6971075331713076, 0, 0]",2346942.6803494175,2580692.940577846,4014797.943328767
summer,7000,17,"[0, 0, 0, 0, 0, 0, 0, 0, 24.53564036991653, 501.479466347505, 1261.6175342465756, 1263.7331506849314, 1246.536, 1274.9533150684933, 1273.6987397260273, 1256.9424657534246, 1241.3697534246576, 1182.8722191780823, 174.32208040966805, 0.00025849696092791443, 0, 0.09241411963809099, 0, 0]",1925889.402261239,2007050.9394774772,4014797.943328767
summer,9000,17,"[0, 0, 0, 0, 0, 0, 0, 0, 731.5139083847994, 1245.615780821918, 1261.6175342465756, 1263.7331506849314, 1246.536, 1274.9533150684933, 1273.6987397260273, 1256.9424657534246, 1241.3697534246576, 1182.8722191780823, 909.3600000000001, 275.93171559094, 0, 595.7664657534247, 0, 0]",1504836.1241730612,1433408.9383771084,4014797.943328767
summer,1000,28,"[0, 0, 0, 0, 0, 0, 0, 0, 0, 0, 0, 88.5965884992162, 0, 336.31559075493874, 68.22372383023901, 18.368741631285772, 764.2269770601282, 241.3785829154882, 11.68457276819644, 0.08422790181322504, 4.2391139510449126e-08, 0, 0, 0]",7522839.925643904,7571100.311942968,7857921.31249315
summer,3000,28,"[0, 0, 0, 0, 0, 0, 0, 0, 0, 0, 0, 0, 0, 0, 0, 2195.4417534246577, 169.88482777255072, 2186.0040328767127, 35.306402137169584, 0, 0, 0, 0, 0]",6852677.151945413,6997458.310842599,7857921.31249315
summer,5000,28,"[0, 0, 0, 0, 0, 0, 0, 0, 0, 0, 0, 2114.610425061966, 0, 2203.41895890411, 0, 0, 2181.802389041096, 1085.7192504493628, 58.84400356194915, 0, 0, 0, 0, 0]",6182514.378246923,6423816.30974223,7857921.31249315
summer,7000,28,"[0, 0, 0, 0, 0, 0, 0, 0, 0, 0, 0, 899.0499729116566, 0, 2203.41895890411, 1631.056618909888, 2195.4417534246577, 2181.802389041096, 1509.001739647746, 82.09902334694269, 0.2825816397844346, 0, 0, 0, 0]",5512351.604548432,5850174.308641861,7857921.31249315
summer,9000,28,"[0, 0, 0, 0, 0, 0, 0, 0, 0, 480.5273744486784, 0, 2156.2220712328767, 0, 2203.41895890411, 2207.357852054795, 2195.4417534246577, 2181.802389041096, 2186.0040328767127, 149.10704473208168, 0, 0, 0.029571918263596238, 0, 0]",4885188.277672786,5276532.307541492,7857921.31249315
summer,1000,15,"[0, 0, 0, 0, 0, 0, 0, 0, 0, 0, 0, 14.738977792484421, 0, 115.73969919456222, 0, 295.0390188084942, 58.377927885295136, 1033.214581010463, 0, 0.0006941764597550418, 11.768106535937651, 0, 0, 0]",7026281.158381772,7074541.544680837,7361362.545231021
summer,3000,15,"[0, 0, 0, 0, 0, 0, 0, 0, 0, 0, 0, 0, 0, 871.6026830400983, 0, 1896.5112844652085, 579.0379166662336, 1204.1787299023802, 35.30640213716639, 0, 0, 0, 0, 0]",6356118.384683284,6500899.543580468,7361362.545231021
summer,5000,15,"[0, 0, 0, 0, 0, 0, 0, 0, 0, 0, 0, 0, 0, 1868.254236547945, 1839.9777860383563, 1896.5639393205483, 1589.2712832854543, 391.4837782642333, 55.484588420155426, 0, 3.359415141789193, 0, 0, 0]",5685955.610984792,5927257.542480099,7361362.545231021
summer,7000,15,"[0, 0, 0, 0, 0, 0, 0, 0, 0, 0, 0, 1846.7419683835615, 0, 1868.254236547945, 1723.440438749772, 1893.9993286287072, 1870.3053654136988, 1417.0300951154697, 81.65133201808466, 0, 0.7302729686395472, 0, 0, 0]",5015792.8372863,5353615.54137973,7361362.545231021
summer,9000,15,"[0, 0, 0, 0, 0, 0, 0, 0, 0.430811802397644, 0, 102.0056552055815, 1846.7419683835615, 1647.5848993625584, 1868.254236547945, 1839.9777860383563, 1896.5639393205483, 1870.3053654136988, 1880.4469561643834, 805.7183125341862, 0, 1.2326648615981988, 0.6484529984550599, 0, 0]",4546914.7641558135,4779973.540279361,7361362.545231021
summer,1000,1,"[0, 0, 0, 0, 0, 0, 0, 0, 0, 0, 0, 309.09607600946265, 0, 391.61420525912644, 23.080583130660635, 264.1880943371189, 404.0915542829388, 125.03969167197701, 11.76880071241244, 0, 0, 0, 0, 0]",27646153.064827465,27694413.451126527,27981234.45167671
summer,3000,1,"[0, 0, 0, 0, 0, 0, 0, 0, 0, 0, 0, 0.09597342883644122, 0, 1601.5994982104337, 0, 1390.540005641633, 1107.664210741031, 451.430926051982, 34.629596015958086, 0, 0, 0.6768061212125378, 0, 0]",26975990.29112897,27120771.45002616,27981234.45167671
summer,5000,1,"[0, 0, 0, 0, 0, 0, 0, 0, 0, 0, 0, 0, 0, 38.23639869406397, 152.0824596985549, 2884.205325534116, 1319.778289752849, 3191.2485497769476, 57.847636315915, 0.48693242986459867, 0.5094348161712646, 0, 0, 0]",26305827.51743048,26547129.44892579,27981234.45167671
summer,7000,1,"[0, 0, 0, 0, 0, 0, 0, 0, 0, 0, 0, 0.15735471569936874, 0, 0, 1.4525677789811828, 6891.929161643835, 2435.5725137375516, 1290.659834963087, 80.91810076655888, 0, 0, 1.4635042201635333, 0, 0]",25635664.74373199,25973487.447825424,27981234.45167671
summer,9000,1,"[0, 0, 0, 0, 0, 0, 0, 0, 0, 0, 0, 0, 0, 0, 0, 2812.5368152357005, 6274.829416257221, 4566.6256107288455, 105.9190076115888, 0.00019879991165629472, 0, 0, 0, 0]",24965501.9700335,25399845.446725048,27981234.45167671
summer,1000,50,"[0, 0, 0, 0, 0, 0, 0, 0, 0, 0, 0, 0, 0, 6.755084694792212e-07, 813.9143263243836, 185.9068531889556, 11.612513387166144, 505.67651111529125, 0, 0, 0, 11.768800712391908, 0, 0]",3201929.8468778497,3250190.2331769112,3537011.2337270956
summer,3000,50,"[0, 0, 0, 0, 0, 0, 0, 0, 0, 0, 0, 824.6015263621955, 0, 833.800599358904, 813.9143263243836, 821.0152792383989, 869.9496404522337, 388.0492423378085, 27.088889723868668, 0, 0, 8.217512413298591, 0, 0]",2531767.0731793586,2676548.2320765425,3537011.2337270956
summer,5000,50,"[0, 0, 0, 0, 0, 0, 0, 0, 0, 828.9520362849315, 820.2065275221918, 824.6108148723288, 696.510748034428, 833.800599358904, 813.9143263243836, 821.1390308964383, 870.0361643835618, 970.1986191780821, 165.02616016323228, 0, 0, 0, 0, 0]",2062901.3050400254,2102906.230976174,3537011.2337270956
summer,7000,50,"[0, 0, 0, 0, 0, 0, 0, 0, 259.73927464456267, 828.9520362849315, 820.2065275221918, 824.6108148723288, 845.1870904109591, 833.800599358904, 813.9143263243836, 821.1390308964383, 870.0361643835618, 970.1986191780821, 1073.5756273972602, 0, 1164.7832547945206, 576.0096717577552, 0, 0]",1641848.026951847,1529264.229875805,3537011.2337270956
summer,9000,50,"[0, 0, 0, 0, 0, 0, 0, 0, 796.6292568546113, 828.9520362849315, 820.2065275221918, 824.6108148723288, 845.1870904109591, 833.800599358904, 813.9143263243836, 821.1390308964383, 870.0361643835618, 970.1986191780821, 1073.5756273972602, 1141.611484931507, 1164.7832547945206, 1141.431583561644, 0, 0]",1332859.7776710594,955622.2287754364,3537011.2337270956
summer,1000,58,"[0, 0, 0, 0, 0, 0, 0, 0, 0, 0, 0, 117.97432504850842, 0, 593.8766341898979, 0, 0, 700.0798558119759, 105.17938964092556, 10.43482279812568, 0, 1.3339779142635069, 0, 0, 0]",2949476.9879218545,2997737.3742209165,3284558.374771101
summer,3000,58,"[0, 0, 0, 0, 0, 0, 0, 0, 0, 0, 0, 930.0539835616439, 0, 938.8969643835617, 952.1765260273974, 927.9857095890411, 471.21004329312217, 331.0073872191573, 0, 35.156173008131056, 0.15022912903570157, 0, 0, 0]",2279314.214223364,2424095.3731205477,3284558.374771101
summer,5000,58,"[0, 0, 0, 0, 0, 0, 0, 0, 0, 917.5054974487672, 743.4136801286669, 930.0539835616439, 260.21565634605327, 938.8969643835617, 952.1765260273974, 927.9857095890411, 939.2413808219179, 929.9847452054796, 103.77679843407026, 1.144085071884004, 0, 0, 0, 0]",1770659.5222333954,1850453.3720201794,3284558.374771101
summer,7000,58,"[0, 0, 0, 0, 0, 0, 0, 0, 26.569995171631984, 917.5054974487672, 912.6449753424658, 930.0539835616439, 942.660690410959, 938.8969643835617, 952.1765260273974, 927.9857095890411, 939.2413808219179, 929.9847452054796, 825.6389917808219, 752.6244821917808, 0, 706.169095890411, 0, 0]",1349606.244145217,1276811.3709198106,3284558.374771101
summer,9000,58,"[0, 0, 0, 0, 0, 0, 0, 0, 813.6255163824636, 917.5054974487672, 912.6449753424658, 930.0539835616439, 942.660690410959, 938.8969643835617, 952.1765260273974, 927.9857095890411, 939.2413808219179, 929.9847452054796, 825.6389917808219, 715.1047882351132, 739.339594520548, 706.169095890411, 0, 538.8164383561644]",1098896.4645942368,703169.3698194422,3284558.374771101
fall,1000,48,"[0, 0, 0, 0, 0, 0, 0, 0, 0, 0, 0, 0, 0, 729.8141710381053, 0, 473.4765748651056, 254.70125063125354, 12.906622132845241, 0, 0, 0, 0, 0, 0]",3298618.3800792126,3316049.467629047,3501602.3894553017
fall,3000,48,"[0, 0, 0, 0, 0, 0, 0, 0, 0, 0, 0, 91.73950501155821, 0, 0.3041082490571232, 813.5440649403856, 1766.460676712329, 1734.623802739726, 6.023698348874313, 0, 0, 0, 0, 0, 0]",2892650.3613270354,2944943.623976536,3501602.3894553017
fall,5000,48,"[0, 0, 0, 0, 0, 0, 0, 0, 0, 0, 0, 1715.778019178082, 0, 1508.278168402403, 1788.9660000000001, 1766.460676712329, 238.65933685291537, 336.3508921908186, 0, 0, 0, 0, 0, 0]",2486682.342574858,2573837.780324026,3501602.3894553017
fall,7000,48,"[0, 0, 0, 0, 0, 0, 0, 0, 0, 0, 0, 1715.778019178082, 56.285798137241315, 1691.1316602739726, 1788.9660000000001, 1766.460676712329, 1734.623802739726, 1542.8205369863017, 0, 0, 0.22383664352064198, 0, 0, 0]",2082449.169610449,2202731.936671515,3501602.3894553017
fall,9000,48,"[0, 0, 0, 0, 0, 0, 0, 0, 0, 0, 1719.1622092657535, 1715.778019178082, 1279.1446628496265, 1691.1316602739726, 1788.9660000000001, 1766.460676712329, 1734.623802739726, 1542.8205369863017, 0, 0, 0, 0, 0, 0]",1766794.3260444447,1831626.0930190042,3501602.3894553017
fall,1000,6,"[0, 0, 0, 0, 0, 0, 0, 0, 0, 0, 0, 34.1720946860344, 0, 0.33866940462669654, 0, 154.2404767925989, 1278.8344798437292, 3.3128979403186305, 0, 0, 0, 0, 0, 0]",3317008.431719801,3334439.5192696345,3519992.4410958905
fall,3000,6,"[0, 0, 0, 0, 0, 0, 0, 0, 0, 0, 0, 1122.2520061161913, 0, 486.79568183542676, 0, 1749.5585753424657, 1042.859144496468, 11.230448211378059, 0, 0, 0, 0, 0, 0]",2911040.4129676237,2963333.6756171244,3519992.4410958905
fall,5000,6,"[0, 0, 0, 0, 0, 0, 0, 0, 0, 0, 0, 1675.6037260273974, 0, 1724.5795068493153, 1733.7698630136988, 1740.580475054781, 459.4437990079909, 20.515723383367224, 0, 0, 0, 0, 0, 0]",2505072.394215446,2592227.831964614,3519992.4410958905
fall,7000,6,"[0, 0, 0, 0, 0, 0, 0, 0, 0, 208.27663204103555, 0, 1675.6037260273974, 0, 1724.5795068493153, 1733.7698630136988, 1749.5585753424657, 1679.2786849315069, 1525.2233424657536, 0, 0, 0, 0, 0, 0]",2105498.468066928,2221121.9883121033,3519992.4410958905
fall,9000,6,"[0, 0, 0, 0, 0, 0, 0, 0, 0, 0, 1658.1521095890412, 1675.6037260273974, 1491.8929554892024, 1724.5795068493153, 1733.7698630136988, 1749.5585753424657, 1679.2786849315069, 1525.2233424657536, 0.0288042974104532, 0, 0, 0, 0, 0]",1789843.6245009238,1850016.1446595928,3519992.4410958905
fall,1000,41,"[0, 0, 0, 0, 0, 0, 0, 0, 0, 0, 0, 283.89308057115437, 0, 0, 26.297659442473233, 572.7880598251173, 584.1467054003397, 3.77311342822523, 0, 0, 0, 0, 0, 0]",3275637.60986189,3293068.697411724,3478621.619237979
fall,3000,41,"[0, 0, 0, 0, 0, 0, 0, 0, 0, 0, 0, 1528.3923287671232, 0, 1112.3307759104903, 49.6016509325372, 1087.6008971216938, 625.0127395611535, 9.757463708931844, 0, 0, 0, 0, 0, 0]",2869669.591109712,2921962.853759213,3478621.619237979
fall,5000,41,"[0, 0, 0, 0, 0, 0, 0, 0, 0, 0, 0, 1528.3923287671232, 0, 1561.0000438356165, 1568.0481534246576, 1550.5592547945207, 1137.9076682776235, 8.585644237009037, 0, 0, 0, 0, 0, 0]",2463701.572357535,2550857.0101067033,3478621.619237979
fall,7000,41,"[0, 0, 0, 0, 0, 0, 0, 0, 0, 0, 991.9204971326237, 1528.3923287671232, 0, 1561.0000438356165, 1568.0481534246576, 1550.5592547945207, 1549.1336547945207, 1538.5952219178084, 0, 8.641176004301725, 0, 0, 0, 0]",2088450.7969706608,2179751.1664541923,3478621.619237979
fall,9000,41,"[0, 0, 0, 0, 0, 0, 0, 0, 0, 857.6037323893501, 1523.8510027397263, 1528.3923287671232, 1560.9041753424658, 1561.0000438356165, 1568.0481534246576, 1550.5592547945207, 1549.1336547945207, 1538.5952219178084, 0, 0, 0, 0, 0, 0]",1772795.9534046566,1808645.3228016817,3478621.619237979
fall,1000,17,"[0, 0, 0, 0, 0, 0, 0, 0, 0, 0, 0, 472.1642315794992, 0, 0, 569.6420239409629, 309.64875165840476, 113.9533058325184, 5.490305655924633, 0, 0, 0, 0, 0, 0]",2742055.2654869244,2759486.353036758,2945039.274863014
fall,3000,17,"[0, 0, 0, 0, 0, 0, 0, 0, 0, 0, 0, 1233.650598842257, 0, 1274.9533150684933, 0.0017173316487994466, 1256.9424657534246, 642.4571828265775, 4.690576179528138, 0, 0, 0, 0, 0, 0]",2336087.246734747,2388380.509384248,2945039.274863014
fall,5000,17,"[0, 0, 0, 0, 0, 0, 0, 0, 0, 0, 0, 1263.7331506849314, 0, 1274.9533150684933, 1273.6987397260273, 1256.9424657534246, 1235.24103865266, 1049.9243834510128, 0, 0, 0, 0, 0, 0]",1930119.22798257,2017274.6657317374,2945039.274863014
fall,7000,17,"[0, 0, 0, 0, 0, 0, 0, 0, 0, 294.5671525889819, 1261.6175342465756, 1263.7331506849314, 1246.536, 1274.9533150684933, 1273.6987397260273, 1256.9424657534246, 1241.3697534246576, 1182.8722191780823, 0, 0, 0, 0, 0, 0]",1610194.7343162433,1646168.8220792268,2945039.274863014
fall,9000,17,"[0, 0, 0, 0, 0, 0, 0, 0, 0, 910.2899789646971, 1261.6175342465756, 1263.7331506849314, 1246.536, 1274.9533150684933, 1273.6987397260273, 1256.9424657534246, 1241.3697534246576, 1182.8722191780823, 909.3600000000001, 820.9479452054795, 0, 595.7664657534247, 0, 0]",1294539.8907502387,1275062.9784267163,2945039.274863014
fall,1000,28,"[0, 0, 0, 0, 0, 0, 0, 0, 0, 0, 0, 0, 0, 35.34117963604212, 386.83695790830853, 907.8522574949284, 139.42668215154137, 1.4415414764862224, 0, 0, 0, 0, 0, 0]",5701047.596059527,5718478.683609361,5904031.605435617
fall,3000,28,"[0, 0, 0, 0, 0, 0, 0, 0, 0, 0, 0, 0, 0, 0, 0, 2195.4417534246577, 2181.802389041096, 35.451713536175966, 0, 0, 0, 0, 0, 0]",5295079.57730735,5347372.83995685,5904031.605435617
fall,5000,28,"[0, 0, 0, 0, 0, 0, 0, 0, 0, 0, 0, 0, 0, 2203.41895890411, 2207.33495595213, 1894.1716008167034, 1029.7599440194836, 19.80763364412391, 0, 0, 0, 0, 0, 0]",4889111.558555172,4976266.99630434,5904031.605435617
fall,7000,28,"[0, 0, 0, 0, 0, 0, 0, 0, 0, 0, 0, 1588.7773589502963, 0, 2203.41895890411, 2207.357852054795, 2195.4417534246577, 2036.0983691478618, 65.19603818945207, 0, 0, 0, 0, 0, 0]",4483143.539802995,4605161.15265183,5904031.605435617
fall,9000,28,"[0, 0, 0, 0, 0, 0, 0, 0, 0, 0, 0, 2156.2220712328767, 107.19790031955102, 2203.41895890411, 2207.357852054795, 2195.4417534246577, 2181.802389041096, 2186.0040328767127, 0, 0.6426101519944074, 0, 0, 0, 0]",4080486.224722293,4234055.30899932,5904031.605435617
fall,1000,15,"[0, 0, 0, 0, 0, 0, 0, 0, 0, 0, 0, 6.252776251420657, 0, 85.10794556665766, 36.44548543452127, 23.542128077002992, 1317.9813771513668, 1.5689061863404963, 0, 0, 0, 0, 0, 0]",5486498.017170626,5503929.104720461,5689482.026546716
fall,3000,15,"[0, 0, 0, 0, 0, 0, 0, 0, 0, 0, 0, 0, 0, 485.9266202967363, 214.74912019621942, 1836.3846840276215, 1870.3053654136988, 5.330066067651935, 0, 0, 0, 0, 0, 0]",5080529.998418449,5132823.26106795,5689482.026546716
fall,5000,15,"[0, 0, 0, 0, 0, 0, 0, 0, 0, 0, 0, 1846.7419683835615, 0, 370.19515959233956, 1839.9777860383563, 1441.9746158025405, 1848.370376286579, 7.233187233172442, 0, 0, 0, 0, 0, 0]",4674561.979666271,4761717.417415439,5689482.026546716
fall,7000,15,"[0, 0, 0, 0, 0, 0, 0, 0, 0, 0, 0, 1846.7412021810687, 0, 1866.2976597675924, 1839.9777860383563, 1896.5639393205483, 1870.3050554416063, 976.404687922001, 0, 0, 0, 0, 0, 0]",4268593.960914094,4390611.57376293,5689482.026546716
fall,9000,15,"[0, 0, 0, 0, 0, 0, 0, 0, 0, 0, 182.68211410989997, 1846.7419683835615, 1853.1152020273976, 1868.254236547945, 1839.9777860383563, 1896.5639393205483, 1870.3053654136988, 1880.4469561643834, 0, 0, 0, 0, 0, 0]",3925124.9197673323,4019505.730110419,5689482.026546716
fall,1000,1,"[0, 0, 0, 0, 0, 0, 0, 0, 0, 0, 0, 7.12497741327257, 0, 551.8824074156587, 27.920243487677983, 459.52819663295895, 421.50292581383303, 2.9398679039059137, 0, 0, 0, 0, 0, 0]",21475610.190662265,21493041.2782121,21678594.200038355
fall,3000,1,"[0, 0, 0, 0, 0, 0, 0, 0, 0, 0, 0, 0, 0, 2432.0724543100373, 57.652949254897344, 1543.0541260164441, 374.89028210236285, 5.026044318186278, 0, 0, 0, 0, 0, 0]",21069642.171910085,21121935.434559587,21678594.200038355
fall,5000,1,"[0, 0, 0, 0, 0, 0, 0, 0, 0, 0, 0, 247.5950845551693, 0, 2547.8351081178557, 3102.447936823423, 483.012663833219, 935.0057332158301, 38.5965667910486, 0, 0, 0, 0, 0, 0]",20663674.15315791,20750829.59090708,21678594.200038355
fall,7000,1,"[0, 0, 0, 0, 0, 0, 0, 0, 0, 0, 0, 1.0270359554369182, 0, 0, 2860.7244925895993, 6891.929161643835, 530.3365461327065, 12.273094349588781, 0, 0, 0, 0, 0, 0]",20257706.134405732,20379723.747254565,21678594.200038355
fall,9000,1,"[0, 0, 0, 0, 0, 0, 0, 0, 0, 0, 0, 3.8442703995651915, 0, 227.33985810959496, 6887.100230136985, 3186.9109000786043, 2881.931303434911, 50.961005846129915, 0, 0, 0, 0, 0, 0]",19851738.115653552,20008617.903602056,21678594.200038355
fall,1000,50,"[0, 0, 0, 0, 0, 0, 0, 0, 0, 0, 0, 20.951696297593067, 0, 0, 5.231055015231641, 821.0810383820989, 616.7985142069928, 6.836314765393337, 0, 0, 0, 0, 0, 0]",2510673.409059061,2528104.4966088957,2713657.4184351503
fall,3000,50,"[0, 0, 0, 0, 0, 0, 0, 0, 0, 0, 0, 824.6108148723288, 0, 833.800599358904, 813.8940479097257, 821.1390308964383, 870.0361643835618, 249.21519858097133, 0, 0, 0, 0, 3.3427485295344153e-13, 0]",2104705.390306884,2156998.6529563847,2713657.4184351503
fall,5000,50,"[0, 0, 0, 0, 0, 0, 0, 0, 0, 555.3999203896987, 820.2065275221918, 824.6108148723288, 845.1870904109591, 833.800599358904, 813.9143263243836, 821.1390308964383, 870.0361643835618, 970.1986191780821, 0, 0, 0, 0, 0, 0]",1766915.7331812184,1785892.8093038744,2713657.4184351503
fall,7000,50,"[0, 0, 0, 0, 0, 0, 0, 0, 139.54016829455807, 828.9520362849315, 359.9095416208374, 824.6108148723288, 845.1870904109591, 833.800599358904, 813.9143263243836, 821.1390308964383, 870.0361643835618, 970.1986191780821, 676.7464411938886, 761.3595968732569, 789.2813137036236, 761.614568939427, 0, 0]",1451260.8915826653,1414786.9656513638,2713657.4184351503
fall,9000,50,"[0, 0, 0, 0, 0, 0, 0, 0, 240.87446752669888, 828.9520362849315, 820.2065275221918, 824.6108148723288, 845.1870904109591, 0, 813.9143263243836, 821.1390308964383, 870.0361643835618, 0, 688.4119211214877, 0, 1164.7832547945206, 0, 0, 927.6401095890411]",1683157.9292692111,1043681.1219988535,2713657.4184351503
fall,1000,58,"[0, 0, 0, 0, 0, 0, 0, 0, 0, 0, 0, 167.68118814199178, 0, 4.197783852912014, 146.10177672570595, 921.6562262971053, 229.88569597228204, 1.3759476773126103, 0, 0, 0, 0, 0, 0]",2252405.062941274,2269836.1504911077,2455389.0723173628
fall,3000,58,"[0, 0, 0, 0, 0, 0, 0, 0, 0, 0, 0, 930.0539835616439, 0, 652.0025210299584, 952.1765260273974, 927.9857095890411, 939.2388182290174, 11.23829756487199, 0, 0, 0, 0, 0, 0]",1846437.0441890964,1898730.3068385976,2455389.0723173628
fall,5000,58,"[0, 0, 0, 0, 0, 0, 0, 0, 0, 0, 912.6449753424658, 930.0539835616439, 823.5088084050412, 938.8969643835617, 952.1765260273974, 927.9857095890411, 939.2413808219179, 929.9847452054796, 0, 0, 0, 0, 0, 0]",1493768.9465979678,1527624.4631860869,2455389.0723173628
fall,7000,58,"[0, 0, 0, 0, 0, 0, 0, 0, 50.986828263205695, 917.5054974487672, 912.6449753424658, 930.0539835616439, 942.660690410959, 938.8969643835617, 952.1765260273974, 927.9857095890411, 939.2413808219179, 929.9847452054796, 825.6389917808219, 0, 739.339594520548, 289.1744433153641, 0, 0]",1178114.1030319624,1156518.619533576,2455389.0723173628
fall,9000,58,"[0, 0, 0, 0, 0, 0, 0, 0, 0, 917.5054974487672, 0, 799.4386021330889, 942.660690410959, 938.8969643835617, 0, 927.9857095890411, 939.2413808219179, 929.9847452054796, 825.6389917808219, 367.6134189233321, 739.339594520548, 0, 555.8419726027398, 538.8164383561644]",1329693.5434557227,785412.7758810655,2455389.0723173628
winter,1000,48,"[0, 0, 0, 0, 0, 0, 0, 0, 0, 0.4760668578708985, 0, 103.84945193921332, 0, 0, 0, 0, 589.1617101015073, 0, 0.0008598348188567208, 0, 0, 0, 0, 0]",4441868.746167511,4468559.070790243,4577376.31870602
winter,3000,48,"[0, 0, 0, 0, 0, 0, 0, 0, 0, 0.0880957963497225, 69.79559422266142, 611.1365759658503, 0, 0, 0, 0, 0, 1399.4440002153688, 0, 0, 0, 0, 0, 0]",4170853.601090495,4250924.57495869,4577376.31870602
winter,5000,48,"[0, 0, 0, 0, 0, 0, 0, 0, 0, 27.454403124547444, 202.82040719621816, 916.0000664012254, 0, 0, 0, 0, 0, 1203.3804600957467, 1117.7851068493153, 0, 0, 0, 0, 0]",3899838.456013478,4033290.079127138,4577376.31870602
winter,7000,48,"[0, 0, 0, 0, 0, 0, 0, 0, 0, 0, 0, 1605.1597105404253, 0, 588.2531617135343, 0, 0, 0, 1542.8205369863017, 1117.7851068493153, 0.39810504429696714, 0, 0, 0, 0]",3662670.7587750363,3815655.583295585,4577376.31870602
winter,9000,48,"[0, 0, 0, 0, 0, 0, 0, 0, 0, 0, 347.9987515167473, 1715.778019178082, 411.73851058264233, 1691.1316602739726, 0, 340.12205430952645, 1734.623802739726, 0, 0, 0, 0, 0, 0, 0]",3498280.218806498,3598021.0874640313,4577376.31870602
winter,1000,6,"[0, 0, 0, 0, 0, 0, 0, 0, 0, 1.8851757303397139, 0, 184.86073474301077, 0, 0, 0, 0, 0, 0, 506.74217826006003, 0, 0, 0, 0, 0]",4439089.493351902,4465779.8179746345,4574597.065890411
winter,3000,6,"[0, 0, 0, 0, 0, 0, 0, 0, 0, 0, 168.64928464149514, 513.5822898719397, 0, 0, 0, 0, 0, 283.2170204539202, 1115.0156712328767, 0, 0, 0, 0, 0]",4168074.348274885,4248145.322143082,4574597.065890411
winter,5000,6,"[0, 0, 0, 0, 0, 0, 0, 0, 0, 3.254758809627574, 431.7726187391654, 706.2560079537888, 0, 0, 0, 0, 1211.1413869315945, 0, 1115.0156712328767, 0, 0, 0, 0, 0]",3897059.2031978685,4030510.8263115287,4574597.065890411
winter,7000,6,"[0, 0, 0, 0, 0, 0, 0, 0, 0, 56.33208275424791, 0, 1548.827627786178, 0, 0, 609.0178968948189, 0, 0, 1525.2233424657536, 1115.0156712328767, 0, 0, 0, 0, 0]",3661062.587192303,3812876.3304799753,4574597.065890411
winter,9000,6,"[0, 0, 0, 0, 0, 0, 0, 0, 0, 0, 388.17304466743565, 1675.6037260273974, 0, 0.11745739316441274, 0, 1383.2042143483143, 1679.2786849315069, 0, 1115.0156712328767, 0, 0, 0, 0, 0]",3434569.9091689703,3595241.8346484224,4574597.065890411
winter,1000,41,"[0, 0, 0, 0, 0, 0, 0, 0, 0, 0, 0, 7.819853684320145, 0, 0, 0, 0, 0, 685.6682350490901, 0, 0, 0, 0, 0, 0]",4422709.334982665,4449399.659605398,4558216.907521174
winter,3000,41,"[0, 0, 0, 0, 0, 0, 0, 0, 0, 0.6955695184287795, 5.13342195385272, 680.0869767928881, 0, 0, 0, 0, 0, 0, 1394.5482979350622, 0, 0, 0, 0, 0]",4151694.189905648,4231765.163773844,4558216.907521174
winter,5000,41,"[0, 0, 0, 0, 0, 0, 0, 0, 0, 0, 55.880826901756166, 1080.4112415150917, 0, 0, 0, 0, 796.4340519625334, 0, 1534.7143232876715, 0, 0, 0, 0, 0]",3880679.044828632,4014130.667942291,4558216.907521174
winter,7000,41,"[0, 0, 0, 0, 0, 0, 0, 0, 0, 0, 308.64165660153157, 1296.2456956614246, 298.2189171523341, 0, 307.14888525935316, 285.28777111237275, 1549.1336547945207, 0, 728.4302013207803, 0, 0, 0, 0, 0]",3676764.537815095,3796496.172110738,4558216.907521174
winter,9000,41,"[0, 0, 0, 0, 0, 0, 0, 0, 0, 31.061629323184487, 0, 1528.3923287671232, 0, 360.6147785410782, 369.4249057370727, 347.563778997667, 1549.1336547945207, 0, 1534.7143232876715, 311.26024735462795, 0, 0, 0, 0]",3459391.4034971297,3578861.676279185,4558216.907521174
winter,1000,17,"[0, 0, 0, 0, 0, 0, 0, 0, 0, 5.671230622344561, 45.083779973443534, 176.9130629643539, 0, 0, 0, 0, 465.8200151732686, 0, 0, 0, 0, 0, 0, 0]",3672735.407228615,3699425.7318513477,3808242.979767124
winter,3000,17,"[0, 0, 0, 0, 0, 0, 0, 0, 0, 0, 0, 687.9244396664955, 0, 0, 0, 0, 1241.3697534246576, 151.1700731090784, 0, 0, 0, 0, 0, 0]",3401720.262151599,3481791.2360197944,3808242.979767124
winter,5000,17,"[0, 0, 0, 0, 0, 0, 0, 0, 0, 0, 0, 1129.5950912838432, 0, 0, 0, 0, 246.22634326331695, 1182.8722191780823, 908.7467899418109, 0, 0, 0, 0, 0]",3130705.1170745813,3264156.740188241,3808242.979767124
winter,7000,17,"[0, 0, 0, 0, 0, 0, 0, 0, 0, 0, 412.10770021940596, 1193.052010321018, 0, 775.6315313067176, 49.381637893331074, 0, 1241.3697534246576, 1182.8722191780823, 0, 0, 0.0017687906624222855, 0, 0, 0]",2907128.3309320305,3046522.244356688,3808242.979767124
winter,9000,17,"[0, 0, 0, 0, 0, 0, 0, 0, 0, 0.006584070410819269, 789.2052432968444, 1263.7331506849314, 1246.536, 1274.9533150684933, 0, 0, 757.5985054800159, 0, 909.3600000000001, 0, 0, 0, 0, 0]",2733660.462536986,2828887.748525135,3808242.979767124
winter,1000,28,"[0, 0, 0, 0, 0, 0, 0, 0, 0, 0, 0, 213.8862016640543, 0, 0, 0, 0, 0, 0, 479.60188706935577, 0, 0, 0, 0, 0]",7417986.566343683,7444676.890966416,7553494.138882191
winter,3000,28,"[0, 0, 0, 0, 0, 0, 0, 0, 0, 3.475443679587911, 1.2517577558162547, 549.1069227217081, 0, 0, 0, 0, 0, 0, 1526.6301420431193, 0, 0, 0, 0, 0]",7146971.421266666,7227042.395134863,7553494.138882191
winter,5000,28,"[0, 0, 0, 0, 0, 0, 0, 0, 0, 0, 122.53228767688798, 1024.0103627091294, 8.887548868300888, 0, 0, 126.0045103424798, 0, 2186.0040328767127, 0, 0.0017011935421102585, 0, 0, 0, 0]",6883712.667412899,7009407.899303309,7553494.138882191
winter,7000,28,"[0, 0, 0, 0, 0, 0, 0, 0, 0, 0, 0, 1605.1540332118816, 0, 0, 0, 0, 2181.802389041096, 0, 1067.4601988808972, 0, 0, 0, 0, 0]",6604941.131112631,6791773.403471756,7553494.138882191
winter,9000,28,"[0, 0, 0, 0, 0, 0, 0, 0, 0, 115.96815226712324, 0, 1947.8086184277056, 0, 0, 1428.6302196859801, 562.980295571969, 0, 2186.0040328767127, 0, 0.001479771200968656, 0, 0, 0, 0]",6448443.675749792,6574138.907640203,7553494.138882191
winter,1000,15,"[0, 0, 0, 0, 0, 0, 0, 0, 0, 0, 83.27551443900586, 1.6005443215862964, 0, 0, 0, 0, 0, 0, 608.6120299728184, 0, 0, 0, 0, 0]",7026970.516311008,7053660.840933739,7162478.088849517
winter,3000,15,"[0, 0, 0, 0, 0, 0, 0, 0, 0, 0.0225316368071544, 0.6774252280979601, 290.3683237896822, 0, 0, 0, 0, 0, 1789.3959855456444, 0, 0, 0, 0, 0, 0]",6755955.3712339895,6836026.345102186,7162478.088849517
winter,5000,15,"[0, 0, 0, 0, 0, 0, 0, 0, 0, 0, 288.57727259025427, 857.8768294491066, 0, 0, 0, 0, 0, 618.0423416276915, 1702.9440000000004, 0, 0, 0, 0, 0]",6484940.226156974,6618391.849270633,7162478.088849517
winter,7000,15,"[0, 0, 0, 0, 0, 0, 0, 0, 0, 0, 355.2755276158238, 1249.8841829245994, 0, 1368.7149613608074, 0.09499306826034566, 0, 0, 1880.4469561643834, 0, 0, 0, 0, 0, 0]",6292631.653459628,6400757.3534390805,7162478.088849517
winter,9000,15,"[0, 0, 0, 0, 0, 0, 0, 0, 0, 6.169626881640681, 210.8651754296291, 1846.7419683835615, 604.3437318487794, 0, 0, 0, 1870.3053654136988, 0, 1702.9440000000004, 0.022930643386183034, 0, 0, 0, 0]",5977661.019096239,6183122.857607527,7162478.088849517
winter,1000,1,"[0, 0, 0, 0, 0, 0, 0, 0, 0, 0.8119367612376184, 0, 207.4623852759628, 0, 0, 0, 0, 0, 0, 485.21376669620963, 0, 0, 0, 0, 0]",27188648.609171078,27215338.933793813,27324156.181709588
winter,3000,1,"[0, 0, 0, 0, 0, 0, 0, 0, 0, 0, 11.060712042395016, 472.23212908335904, 0, 0, 0, 0, 1596.942131332671, 0, 0.22929374180423034, 0, 0, 0, 0, 0]",26917633.46409406,26997704.437962264,27324156.181709588
winter,5000,1,"[0, 0, 0, 0, 0, 0, 0, 0, 0, 31.3018933105381, 29.652196380176584, 748.6614559173788, 0, 0, 0, 0, 0, 0, 2657.824898058957, 0, 0, 0, 0, 0]",26646618.319017045,26780069.942130707,27324156.181709588
winter,7000,1,"[0, 0, 0, 0, 0, 0, 0, 0, 0, 0, 479.2878101497308, 959.4251054031158, 0, 0, 0, 0, 0, 0, 3415.703705581028, 0, 0, 0, 0, 0]",26375603.17394003,26562435.446299154,27324156.181709588
winter,9000,1,"[0, 0, 0, 0, 0, 0, 0, 0, 0, 13.274271389369966, 240.0875495702389, 1791.3683720157342, 0, 0, 0, 0, 0, 0, 4196.662605625348, 0, 0, 0, 0, 0]",26104588.028863013,26344800.9504676,27324156.181709588
winter,1000,50,"[0, 0, 0, 0, 0, 0, 0, 0, 0, 0, 0.8643624613214402, 227.0292476669173, 0, 0, 0, 0, 0, 0, 465.5944786051709, 0, 0, 0, 0, 0]",3329089.7194488295,3355780.0440715617,3464597.2919873376
winter,3000,50,"[0, 0, 0, 0, 0, 0, 0, 0, 0, 0.010136690590306615, 0, 680.5404010159367, 0, 0, 0, 0, 870.0361643835618, 0, 529.8775641101429, 0, 0, 0, 0, 0]",3058074.574371813,3138145.5482400083,3464597.2919873376
winter,5000,50,"[0, 0, 0, 0, 0, 0, 0, 0, 0, 0, 321.93183551369, 824.6108148723288, 0, 426.18313498733477, 0, 821.1390308964383, 0, 0, 1073.5756273972602, 0, 0, 0, 0, 0]",2858780.453833113,2920511.052408455,3464597.2919873376
winter,7000,50,"[0, 0, 0, 0, 0, 0, 0, 0, 0, 0, 662.5790563342366, 824.6108148723288, 845.1870904109591, 833.800599358904, 0, 718.0404409793631, 0, 970.1986191780821, 0, 0, 0, 0, 0, 0]",2653873.4017358595,2702876.556576902,3464597.2919873376
winter,9000,50,"[0, 0, 0, 0, 0, 0, 0, 0, 0, 0, 820.2065275221918, 824.6108148723288, 845.1870904109591, 833.800599358904, 813.9143263243836, 821.1390308964383, 0, 0, 1073.5756273972602, 89.89114541106254, 119.06763640716814, 0, 0, 0]",2447601.6292972746,2485242.060745349,3464597.2919873376
winter,1000,58,"[0, 0, 0, 0, 0, 0, 0, 0, 0, 0, 3.8928823568973123, 223.9915218685384, 0, 0, 0, 0, 1.5589822534265948e-07, 465.60368435207664, 0, 0, 0, 0, 0, 0]",3016108.3708020034,3042798.6954247355,3151615.9433405125
winter,3000,58,"[0, 0, 0, 0, 0, 0, 0, 0, 0, 1.7338470294002712, 0, 686.1909833817915, 0, 0, 0, 0, 462.5546905835603, 929.9847452054796, 0, 0, 0, 0, 0, 0]",2745093.2257249868,2825164.1995931827,3151615.9433405125
winter,5000,58,"[0, 0, 0, 0, 0, 0, 0, 0, 0, 0, 216.48866682437227, 930.0539835616439, 0, 1.2649602588563764, 450.4067069947823, 0, 939.2413808219179, 929.9847452054796, 0, 0, 0, 0, 0, 0]",2500049.201515055,2607529.7037616293,3151615.9433405125
winter,7000,58,"[0, 0, 0, 0, 0, 0, 0, 0, 0, 16.904445282694407, 636.684403188088, 930.0539835616439, 942.660690410959, 0, 952.1765260273974, 0, 939.2413808219179, 436.6951918411745, 0, 0, 0, 0, 0, 0]",2312016.0755161582,2389895.207930077,3151615.9433405125
winter,9000,58,"[0, 0, 0, 0, 0, 0, 0, 0, 0, 0, 841.4267912426694, 930.0539835616439, 523.3547563292051, 938.8969643835617, 952.1765260273974, 927.9857095890411, 939.2413808219179, 0, 152.8877525188756, 0, 0, 0, 0, 0]",2131147.682711161,2172260.7120985235,3151615.9433405125
